denomination_name,denomination_id,published_churches_count,churches_urban,churches_rural,members_total,members_urban,members_rural,members_average_total,members_average_urban,members_average_rural,members_male,members_female,members_sex_unreported,members_over_13,members_under_13,members_age_unreported,church_edifices,churches_reporting_value,churches_value,churches_average_value,churches_reporting_debt,churches_debt,urban_church_edifices,urban_churches_reporting_value,urban_churches_value,urban_churches_average_value,urban_churches_reporting_debt,urban_churches_debt,rural_church_edifices,rural_churches_reporting_value,rural_churches_value,rural_churches_average_value,rural_churches_reporting_debt,rural_churches_debt,churches_reporting_expenditures,total_expenditures,expenses,benevolences,unclassified_expenditures,expenditures_average,urban_churches_reporting_expenditures,urban_total_expenditures,urban_expenses,urban_benevolences,urban_unclassified_expenditures,urban_expenditures_average,rural_churches_reporting_expenditures,rural_total_expenditures,rural_expenses,rural_benevolences,rural_unclassified_expenditures,rural_expenditures_average,parsonage_value_churches_reporting,parsonage_value,parsonage_value_average,parsonage_debt_churches_reporting,parsonage_debt,sunday_schools_churches_reporting,sunday_schools_officers_teachers,sunday_schools_scholars,sunday_schools_scholars_average,urban_sunday_schools_churches_reporting,urban_sunday_schools_officers_teachers,urban_sunday_schools_scholars,urban_sunday_schools_scholars_average,rural_sunday_schools_churches_reporting,rural_sunday_schools_officers_teachers,rural_sunday_schools_scholars,rural_sunday_schools_scholars_average,Start Table 33,black_part_whole_churches,black_churches_total ,black_churches_urban,black_churches_rural,black_members_total,black_members_urban,black_members_rural,black_members_average_total,black_members_average_urban,black_members_average_rural,black_members_male,black_members_female,black_members_sex_unreported,Start Table 34,black_church_edifices,black_churches_reporting_value,black_churches_value,black_churches_average_value,black_churches_reporting_debt,black_churches_debt,black_urban_church_edifices,black_urban_churches_reporting_value,black_urban_churches_value,black_urban_churches_average_value,black_urban_churches_reporting_debt,black_urban_churches_debt,black_rural_church_edifices,black_rural_churches_reporting_value,black_rural_churches_value,black_rural_churches_average_value,black_rural_churches_reporting_debt,black_rural_churches_debt,Start Table 35,black_churches_reporting_expenditures,black_total_expenditures,black_expenses,black_benevolences,black_unclassified_expenditures,black_expenditures_average,black_urban_churches_reporting_expenditures,black_urban_total_expenditures,black_urban_expenses,black_urban_benevolences,black_urban_expenditures_average,black_rural_churches_reporting_expenditures,black_rural_total_expenditures,black_rural_expenses,black_rural_benevolences,black_rural_expenditures_average,Start Table 36,black_parsonage_value_churches_reporting,black_parsonage_value,black_parsonage_value_average,black_parsonage_debt_churches_reporting,black_parsonage_debt,black_sunday_schools_churches_reporting,black_sunday_schools_officers_teachers,black_sunday_schools_scholars,black_sunday_schools_scholars_average,black_urban_sunday_schools_churches_reporting,black_urban_sunday_schools_officers_teachers,black_urban_sunday_schools_scholars,black_urban_sunday_schools_scholars_average,black_rural_sunday_schools_churches_reporting,black_rural_sunday_schools_officers_teachers,black_rural_sunday_schools_scholars,black_rural_sunday_schools_scholars_average
Advent Christian Church,0-0-0,444,127,317,29430,12572,16858,66,99,53,11378,16717,1335,25927,779,2724,410,385,2310000,6000,54,121667,125,119,1632600,13719,37,114026,285,266,677400,2547,17,7641,379,536192,409241,112292,14659,1415,123,373651,287273,74378,12000,3038,256,162541,121968,37914,2659,635,111,395150,3560,28,30607,304,2773,18806,62,116,1386,9760,84,188,1387,9046,48,,444,6,338,5,164,22,142,27,NA,28,83,81,NA,,5,3,4950,1650,NA,NA,1,1,4000,NA,NA,NA,4,2,950,475,NA,NA,,4,240,25,215,NA,60,1,100,NA,100,NA,3,140,25,115,47,,NA,NA,NA,NA,NA,4,40,94,24,1,4,15,NA,3,16,79,26
Seventh-day Adventist Denomination ,0-0-1,1981,1079,902,110998,72378,38620,56,67,43,35030,72970,2998,96438,2665,11895,1399,1362,8477999,6220,261,908352,760,736,6933991,9421,209,863359,639,627,1544008,2463,52,44993,1849,6998988,1291018,5647948,60022,3785,1012,5139450,1092478,3993883,53089,5079,837,1859538,198540,1654065,6933,2222,36,182600,5072,9,34100,1383,14972,81067,59,781,9825,55762,71,602,5147,25305,42,,1981,93,88,5,5133,5052,81,55,57,16,1272,3931,30,,81,78,789400,10121,33,155215,77,74,785100,10609,33,155215,4,4,4300,1075,NA,NA,,85,261975,94525,167450,NA,3082,80,260938,94294,166644,3262,5,1037,231,806,207,,6,2700,4533,2,5700,67,575,3402,51,63,557,3321,53,4,18,81,20
Church of God (Adventist),0-0-2,58,13,46,1686,244,1442,29,19,32,712,925,49,1593,43,50,12,12,25850,2154,3,975,2,2,6500,3250,1,400,10,10,19350,1935,2,575,39,13887,4805,9082,NA,356,9,2216,986,1230,NA,246,30,11671,3819,7852,NA,389,NA,NA,NA,NA,NA,23,126,685,30,8,45,183,23,15,81,502,33,,NA,NA,NA,NA,NA,NA,NA,NA,NA,NA,NA,NA,NA,,NA,NA,NA,NA,NA,NA,NA,NA,NA,NA,NA,NA,NA,NA,NA,NA,NA,NA,,NA,NA,NA,NA,NA,NA,NA,NA,NA,NA,NA,NA,NA,NA,NA,NA,,NA,NA,NA,NA,NA,NA,NA,NA,NA,NA,NA,NA,NA,NA,NA,NA,NA
Life and Advent Union,0-0-3,7,5,2,535,381,154,76,76,77,221,314,NA,529,6,NA,7,7,91000,13000,4,10500,5,5,80000,16000,3,10100,2,2,11000,5500,1,400,6,19861,13894,5967,NA,3310,5,18192,12382,5810,NA,3638,1,1669,1512,157,NA,NA,NA,NA,NA,NA,NA,7,76,344,49,5,64,291,58,2,12,53,27,,NA,NA,NA,NA,NA,NA,NA,NA,NA,NA,NA,NA,NA,,NA,NA,NA,NA,NA,NA,NA,NA,NA,NA,NA,NA,NA,NA,NA,NA,NA,NA,,NA,NA,NA,NA,NA,NA,NA,NA,NA,NA,NA,NA,NA,NA,NA,NA,,NA,NA,NA,NA,NA,NA,NA,NA,NA,NA,NA,NA,NA,NA,NA,NA,NA
Churches of God in Jesus Christ,0-0-4,86,33,53,3528,1303,2225,41,39,42,1339,1989,200,2980,47,501,54,52,164600,3165,6,13700,18,18,98700,5483,6,13700,36,34,65900,1938,NA,NA,63,41935,33587,8348,NA,666,26,24851,21488,3363,NA,956,37,17084,12099,4985,NA,462,2,6500,3250,NA,NA,42,295,1877,45,16,112,732,46,26,183,1145,44,,NA,NA,NA,NA,NA,NA,NA,NA,NA,NA,NA,NA,NA,,NA,NA,NA,NA,NA,NA,NA,NA,NA,NA,NA,NA,NA,NA,NA,NA,NA,NA,,NA,NA,NA,NA,NA,NA,NA,NA,NA,NA,NA,NA,NA,NA,NA,NA,,NA,NA,NA,NA,NA,NA,NA,NA,NA,NA,NA,NA,NA,NA,NA,NA,NA
African Orthodox Church,2-0-0,13,13,NA,1568,1568,NA,121,121,NA,689,879,NA,1192,376,NA,2,2,30000,15000,2,9000,2,2,30000,15000,2,9000,NA,NA,NA,NA,NA,NA,13,19368,18211,1157,NA,1490,13,19368,18211,1157,NA,1490,NA,NA,NA,NA,NA,NA,1,5000,NA,1,2000,11,49,445,40,11,49,445,40,NA,NA,NA,NA,,13,13,13,NA,1568,1568,NA,121,121,NA,689,879,NA,,2,2,30000,15000,2,9000,2,2,30000,15000,2,9000,NA,NA,NA,NA,NA,NA,,13,19368,18211,1157,NA,1490,13,19368,18211,1157,1490,NA,NA,NA,NA,NA,,1,5000,NA,1,2000,11,49,445,40,11,49,445,40,NA,NA,NA,NA
African Orthodox Church of New York,,3,2,NA,717,717,NA,329,239,NA,262,355,100,501,116,100,1,1,50000,50000,1,12100,1,1,50000,NA,1,12100,NA,NA,NA,NA,NA,NA,2,18900,15200,3700,NA,9450,2,18900,15200,3700,NA,9450,NA,NA,NA,NA,NA,NA,1,15000,NA,1,11000,3,26,220,73,3,26,220,73,NA,NA,NA,NA,,3,3,3,NA,717,717,NA,239,239,NA,262,355,100,,1,1,50000,NA,1,12100,1,1,50000,NA,1,12000,NA,NA,NA,NA,NA,NA,,2,18900,15200,3700,NA,9450,2,18900,15200,3700,9450,NA,NA,NA,NA,NA,,1,15000,NA,1,11000,3,26,220,73,3,26,220,73,NA,NA,NA,NA
American Ethical Union,1-8-5,6,6,NA,3801,3801,NA,634,634,NA,1813,1988,NA,3801,NA,NA,5,5,1157821,231564,2,212000,5,5,1157821,231564,2,2120000,NA,NA,NA,NA,NA,NA,6,256141,152902,103239,NA,42690,6,256141,152902,103239,NA,42690,NA,NA,NA,NA,NA,NA,NA,NA,NA,NA,NA,5,47,416,83,5,47,416,83,NA,NA,NA,NA,,NA,NA,NA,NA,NA,NA,NA,NA,NA,NA,NA,NA,NA,,NA,NA,NA,NA,NA,NA,NA,NA,NA,NA,NA,NA,NA,NA,NA,NA,NA,NA,,NA,NA,NA,NA,NA,NA,NA,NA,NA,NA,NA,NA,NA,NA,NA,NA,,NA,NA,NA,NA,NA,NA,NA,NA,NA,NA,NA,NA,NA,NA,NA,NA,NA
American Rescue Workers,0-0-5,97,97,NA,1989,1989,NA,21,21,NA,886,1040,63,1107,489,393,3,3,13800,4600,1,1600,3,3,13800,4600,1,1600,NA,NA,NA,NA,NA,NA,92,135214,82838,49282,3094,1470,92,135214,82838,49282,3094,1470,NA,NA,NA,NA,NA,NA,NA,NA,NA,NA,NA,50,90,1091,22,50,90,1091,22,NA,NA,NA,NA,,NA,NA,NA,NA,NA,NA,NA,NA,NA,NA,NA,NA,NA,,NA,NA,NA,NA,NA,NA,NA,NA,NA,NA,NA,NA,NA,NA,NA,NA,NA,NA,,NA,NA,NA,NA,NA,NA,NA,NA,NA,NA,NA,NA,NA,NA,NA,NA,,NA,NA,NA,NA,NA,NA,NA,NA,NA,NA,NA,NA,NA,NA,NA,NA,NA
Apostolic Overcoming Holy Church of God,2-2-5,16,8,8,1047,581,466,65,73,58,352,695,0,1047,0,NA,10,10,16950,1695,5,1975,6,6,12100,2017,2,1600,4,4,4850,1213,3,375,16,17198,15010,2188,NA,1075,8,11187,9935,1252,NA,1398,8,6011,5075,936,NA,751,1,3000,NA,NA,NA,15,67,1068,71,7,38,583,83,8,29,485,61,,16,16,8,8,1047,581,466,65,73,58,352,695,NA,,10,10,16950,1695,5,1975,6,6,12100,2017,2,1600,4,4,4850,1213,3,375,,16,17198,15010,2188,NA,1075,8,11187,9935,1252,1398,8,6011,5075,936,751,,1,3000,NA,NA,NA,15,67,1068,71,7,38,583,83,8,29,485,61
"Assemblies of God, General Council",0-0-7,671,329,342,47950,32725,15225,71,99,45,,,,,,7882,497,479,3468989,7242,260,1087362,251,242,3022678,12490,175,1002087,246,237,446311,1883,85,85275,595,1405491,1089993,273670,41828,2362,299,1161090,898804,227018,35268,3883,296,244401,191189,46652,6560,826,125,255815,2047,50,77075,549,4232,41255,75,282,2534,26084,92,267,1698,15171,57,,NA,NA,NA,NA,NA,NA,NA,NA,NA,NA,NA,NA,NA,,NA,NA,NA,NA,NA,NA,NA,NA,NA,NA,NA,NA,NA,NA,NA,NA,NA,NA,,NA,NA,NA,NA,NA,NA,NA,NA,NA,NA,NA,NA,NA,NA,NA,NA,,NA,NA,NA,NA,NA,NA,NA,NA,NA,NA,NA,NA,NA,NA,NA,NA,NA
Assyrian Jacobite Apostolic Church,0-9-4,3,3,NA,1407,1407,NA,469,469,NA,703,704,NA,1116,291,NA,3,3,92000,30667,3,27500,3,3,92000,30667,3,27500,NA,NA,NA,NA,NA,NA,3,24253,23576,677,NA,8084,3,24253,23576,677,NA,8084,NA,NA,NA,NA,NA,NA,NA,NA,NA,NA,NA,NA,NA,NA,NA,NA,NA,NA,NA,NA,NA,NA,NA,,NA,NA,NA,NA,NA,NA,NA,NA,NA,NA,NA,NA,NA,,NA,NA,NA,NA,NA,NA,NA,NA,NA,NA,NA,NA,NA,NA,NA,NA,NA,NA,,NA,NA,NA,NA,NA,NA,NA,NA,NA,NA,NA,NA,NA,NA,NA,NA,,NA,NA,NA,NA,NA,NA,NA,NA,NA,NA,NA,NA,NA,NA,NA,NA,NA
Baha’is,0-0-8,44,40,4,1247,1186,61,28,30,15,NA,NA,1247,1247,NA,NA,NA,NA,NA,NA,NA,NA,NA,NA,NA,NA,NA,NA,NA,NA,NA,NA,NA,NA,NA,NA,NA,NA,NA,NA,NA,NA,NA,NA,NA,NA,NA,NA,NA,NA,NA,NA,NA,NA,NA,NA,NA,NA,NA,NA,NA,NA,NA,NA,NA,NA,NA,NA,NA,,NA,NA,NA,NA,NA,NA,NA,NA,NA,NA,NA,NA,NA,,NA,NA,NA,NA,NA,NA,NA,NA,NA,NA,NA,NA,NA,NA,NA,NA,NA,NA,,NA,NA,NA,NA,NA,NA,NA,NA,NA,NA,NA,NA,NA,NA,NA,NA,,NA,NA,NA,NA,NA,NA,NA,NA,NA,NA,NA,NA,NA,NA,NA,NA,NA
Northern Baptist Convention,0-0-9,7611,2800,4751,1289966,885363,404603,169,310,85,489199,757183,43584,1122211,49897,117858,7722,7297,185370576,25404,1603,16004041,3029,2770,154894435,55919,1119,14746380,4693,4527,30476141,6732,484,1257661,7380,34318486,27647658,6656755,14073,4650,2852,27034805,21467919,5564124,2762,9479,4528,7283681,6179739,1092631,11311,1609,3716,18279770,4919,717,1847285,6999,114237,1052794,150,2808,69069,712431,254,4191,45168,340363,81,,NA,NA,NA,NA,NA,NA,NA,NA,NA,NA,NA,NA,NA,,NA,NA,NA,NA,NA,NA,NA,NA,NA,NA,NA,NA,NA,NA,NA,NA,NA,NA,,NA,NA,NA,NA,NA,NA,NA,NA,NA,NA,NA,NA,NA,NA,NA,NA,,NA,NA,NA,NA,NA,NA,NA,NA,NA,NA,NA,NA,NA,NA,NA,NA,NA
Southern Baptist Convention,0-1-0,23374,1859,21515,3524378,986059,2538319,151,530,118,1415008,1861637,247733,2805542,182828,536008,21401,21128,173456965,8210,2730,22986982,2001,1814,100235535,55257,926,17918434,19400,19314,73221430,3791,1804,5068548,22338,42904563,32886565,9761615,256383,1921,1855,23723050,17810161,5853153,59736,12789,20483,19181513,15076404,3908462,196647,936,3429,15185725,4429,855,1724355,19882,229848,2345630,118,1841,68976,807669,439,18041,160872,1537961,85,,NA,NA,NA,NA,NA,NA,NA,NA,NA,NA,NA,NA,NA,,NA,NA,NA,NA,NA,NA,NA,NA,NA,NA,NA,NA,NA,NA,NA,NA,NA,NA,,NA,NA,NA,NA,NA,NA,NA,NA,NA,NA,NA,NA,NA,NA,NA,NA,,NA,NA,NA,NA,NA,NA,NA,NA,NA,NA,NA,NA,NA,NA,NA,NA,NA
Negro Baptists,0-1-1-A,22081,4409,17672,3196623,1246327,1950296,145,283,110,1050062,1661183,485378,1921338,178230,1097055,20011,19833,103465759,5217,3743,10533174,4072,4012,69444724,17309,1726,9385537,15939,15821,34021035,2150,2017,1147637,20209,19475981,16210952,2444042,820987,964,4186,11553870,9804889,1265608,483373,2760,16023,7922111,6406063,1178434,337614,494,1325,4451057,3359,376,634369,18755,148067,1121362,60,3918,45039,402416,103,14837,103028,718946,48,,22081,22081,4409,17672,3196623,1246327,1950296,145,283,110,1050062,1661183,485378,,20011,19833,103465759,5217,3743,10533174,4072,4012,69444724,17309,1726,9385537,15939,15821,34021035,2150,2017,1147637,,20209,19475981,16210952,2444042,820987,964,4186,11553870,9804889,1265608,2760,16023,7922111,6406063,1178434,494,,1325,4451057,3359,376,634369,18755,148067,1121362,60,3918,45039,402416,103,14837,103028,718946,48
General Six Principle Baptists,0-1-2,6,2,4,293,161,132,49,81,33,110,81,NA,NA,Na,NA,7,6,20500,3417,1,700,2,2,7500,2750,NA,NA,5,4,13000,3250,1,700,5,3046,2925,121,NA,609,2,1831,1825,6,NA,916,3,1215,1100,115,NA,405,NA,NA,NA,NA,NA,5,40,229,46,2,19,90,45,3,21,139,46,,NA,NA,NA,NA,NA,NA,NA,NA,NA,NA,NA,NA,NA,,NA,NA,NA,NA,NA,NA,NA,NA,NA,NA,NA,NA,NA,NA,NA,NA,NA,NA,,NA,NA,NA,NA,NA,NA,NA,NA,NA,NA,NA,NA,NA,NA,NA,NA,,NA,NA,NA,NA,NA,NA,NA,NA,NA,NA,NA,NA,NA,NA,NA,NA,NA
Seventh Day Baptists,0-1-3,67,13,54,7264,1704,5560,108,131,103,2799,4387,78,6891,155,218,62,58,668200,11521,6,8800,8,8,321000,40125,2,3400,54,50,347200,6944,4,5400,65,132068,90647,41421,NA,2032,13,48906,31834,17072,NA,3762,52,83162,58813,24349,NA,1599,42,167500,3988,4,5400,57,691,4033,71,12,134,914,76,45,557,3119,69,,NA,NA,NA,NA,NA,NA,NA,NA,NA,NA,NA,NA,NA,,NA,NA,NA,NA,NA,NA,NA,NA,NA,NA,NA,NA,NA,NA,NA,NA,NA,NA,,NA,NA,NA,NA,NA,NA,NA,NA,NA,NA,NA,NA,NA,NA,NA,NA,,NA,NA,NA,NA,NA,NA,NA,NA,NA,NA,NA,NA,NA,NA,NA,NA,NA
Free Will Baptists,0-1-5,1024,41,983,79592,4042,75550,78,99,77,31910,46790,892,65786,1190,12616,770,765,1156743,1512,69,32564,34,34,114800,3376,13,11956,736,731,1041943,1425,56,20608,872,252613,179730,66557,6326,290,39,33810,26660,6953,197,867,833,218803,153070,59604,6129,263,9,18400,2044,2,2800,643,4202,38199,59,32,257,2838,89,611,3945,35361,58,,NA,NA,NA,NA,NA,NA,NA,NA,NA,NA,NA,NA,NA,,NA,NA,NA,NA,NA,NA,NA,NA,NA,NA,NA,NA,NA,NA,NA,NA,NA,NA,,NA,NA,NA,NA,NA,NA,NA,NA,NA,NA,NA,NA,NA,NA,NA,NA,,NA,NA,NA,NA,NA,NA,NA,NA,NA,NA,NA,NA,NA,NA,NA,NA,NA
United American Free Will Baptist Church(Colored),,166,11,155,13396,1804,11592,81,164,75,5079,8236,81,11015,421,1960,144,142,308425,2172,39,7962,9,9,53900,5989,3,1243,135,133,254525,1914,36,6719,158,67773,46494,13090,8189,429,11,12975,10056,1467,1452,1180,147,54798,36438,11623,6737,373,2,1300,650,1,40,144,836,5077,35,11,80,709,64,133,756,4368,33,,166,166,11,155,13396,1804,11592,81,164,75,5079,8236,81,,144,142,308425,2172,39,7962,9,9,53900,5989,3,1243,135,133,254525,1914,36,6719,,158,67773,46494,13090,8189,429,11,12975,10056,1467,1180,147,54789,36438,11623,373,,2,1300,650,1,40,144,836,5077,35,11,80,709,64,133,756,4368,33
Free Will Baptists (Bullockites),,2,NA,2,36,NA,36,18,NA,18,14,22,NA,36,,NA,1,1,1500,NA,NA,NA,NA,NA,NA,NA,NA,NA,1,1,1500,NA,NA,NA,1,100,NA,100,NA,NA,NA,NA,NA,NA,NA,NA,1,100,NA,NA,NA,NA,NA,NA,NA,NA,NA,1,2,15,NA,NA,NA,NA,NA,1,2,15,NA,,NA,NA,NA,NA,NA,NA,NA,NA,NA,NA,NA,NA,NA,,NA,NA,NA,NA,NA,NA,NA,NA,NA,NA,NA,NA,NA,NA,NA,NA,NA,NA,,NA,NA,NA,NA,NA,NA,NA,NA,NA,NA,NA,NA,NA,NA,NA,NA,,NA,NA,NA,NA,NA,NA,NA,NA,NA,NA,NA,NA,NA,NA,NA,NA,NA
General Baptists,0-1-8,465,41,424,31501,4051,27450,68,99,65,13306,18188,7,19056,601,11844,354,353,706325,2001,18,22823,41,40,166800,4170,8,13575,313,313,539525,1724,10,9248,440,113825,95792,17181,852,259,41,35430,29879,5551,NA,864,399,78395,65913,11630,852,196,10,35000,3500,1,1138,295,2064,18797,64,34,350,3720,109,261,1714,15077,58,,NA,NA,NA,NA,NA,NA,NA,NA,NA,NA,NA,NA,NA,,NA,NA,NA,NA,NA,NA,NA,NA,NA,NA,NA,NA,NA,NA,NA,NA,NA,NA,,NA,NA,NA,NA,NA,NA,NA,NA,NA,NA,NA,NA,NA,NA,NA,NA,,NA,NA,NA,NA,NA,NA,NA,NA,NA,NA,NA,NA,NA,NA,NA,NA,NA
Separate Baptists,0-1-9,65,1,64,4803,60,4743,74,NA,74,1821,2336,646,3766,103,934,46,43,63650,1480,NA,NA,1,1,2000,NA,NA,NA,45,42,61650,1468,NA,NA,41,9292,7799,1368,125,227,1,500,500,NA,NA,NA,40,8792,7299,1368,125,220,1,1000,NA,NA,NA,37,259,1782,48,1,11,90,NA,36,248,1692,47,,NA,NA,NA,NA,NA,NA,NA,NA,NA,NA,NA,NA,NA,,NA,NA,NA,NA,NA,NA,NA,NA,NA,NA,NA,NA,NA,NA,NA,NA,NA,NA,,NA,NA,NA,NA,NA,NA,NA,NA,NA,NA,NA,NA,NA,NA,NA,NA,,NA,NA,NA,NA,NA,NA,NA,NA,NA,NA,NA,NA,NA,NA,NA,NA,NA
Regular Baptists,0-2-0,349,16,333,23091,2486,20605,66,155,62,8220,13581,1290,19996,159,2936,235,233,647550,2779,22,106619,14,14,368400,26314,4,102980,221,219,279150,1275,18,3639,223,55610,46168,8815,627,249,12,29201,24466,4735,NA,2433,211,26409,21702,4080,627,125,8,36325,4541,1,64,65,450,4690,72,9,135,1863,207,56,315,2827,50,,349,1,NA,1,38,NA,38,NA,NA,NA,16,22,NA,,NA,NA,NA,NA,NA,NA,NA,NA,NA,NA,NA,NA,NA,NA,NA,NA,NA,NA,,NA,NA,NA,NA,NA,NA,NA,NA,NA,NA,NA,NA,NA,NA,NA,NA,,NA,NA,NA,NA,NA,NA,NA,NA,NA,NA,NA,NA,NA,NA,NA,NA,NA
United Baptists,0-2-1,221,4,217,18903,221,18682,86,55,86,6875,10587,1441,16415,42,2446,142,139,144665,1041,10,1610,4,4,4000,1000,NA,NA,138,135,140665,1042,10,1610,147,15094,11103,1862,2129,103,NA,NA,NA,NA,NA,NA,147,15094,11103,1862,2129,103,NA,NA,NA,NA,NA,39,239,2005,51,1,7,75,NA,38,232,1930,51,,NA,NA,NA,NA,NA,NA,NA,NA,NA,NA,NA,NA,NA,,NA,NA,NA,NA,NA,NA,NA,NA,NA,NA,NA,NA,NA,NA,NA,NA,NA,NA,,NA,NA,NA,NA,NA,NA,NA,NA,NA,NA,NA,NA,NA,NA,NA,NA,,NA,NA,NA,NA,NA,NA,NA,NA,NA,NA,NA,NA,NA,NA,NA,NA,NA
Duck River and Kindred Associations of Baptists (Baptist Church of Christ),0-2-2,98,2,96,7340,78,7262,75,39,76,2903,4200,237,4332,6,3002,76,75,51175,682,2,195,2,2,1400,700,1,80,74,73,49775,682,1,115,46,5362,3845,867,650,117,2,175,150,25,NA,88,44,5187,3695,842,650,118,NA,NA,NA,NA,NA,14,78,795,57,1,5,45,NA,13,73,750,58,,NA,NA,NA,NA,NA,NA,NA,NA,NA,NA,NA,NA,NA,,NA,NA,NA,NA,NA,NA,NA,NA,NA,NA,NA,NA,NA,NA,NA,NA,NA,NA,,NA,NA,NA,NA,NA,NA,NA,NA,NA,NA,NA,NA,NA,NA,NA,NA,,NA,NA,NA,NA,NA,NA,NA,NA,NA,NA,NA,NA,NA,NA,NA,NA,NA
Primitive Baptists,0-2-3,2267,298,1969,81374,11248,70126,36,38,36,17060,30608,33706,42283,75,39016,1057,1037,1730348,1669,67,25734,137,134,406700,3035,25,14604,920,903,1323648,1466,42,11130,776,166847,140678,16945,9224,215,115,43633,38207,3196,2230,379,661,123214,102471,13749,6994,186,6,13313,2219,NA,NA,5,25,181,36,2,10,24,12,3,15,157,52,,NA,NA,NA,NA,NA,NA,NA,NA,NA,NA,NA,NA,NA,,NA,NA,NA,NA,NA,NA,NA,NA,NA,NA,NA,NA,NA,NA,NA,NA,NA,NA,,NA,NA,NA,NA,NA,NA,NA,NA,NA,NA,NA,NA,NA,NA,NA,NA,,NA,NA,NA,NA,NA,NA,NA,NA,NA,NA,NA,NA,NA,NA,NA,NA,NA
Colored Primitive Baptists,0-2-4,925,76,849,43978,4637,39341,48,61,46,2346,4856,36776,6235,942,36801,91,87,171518,1971,15,9793,27,26,93870,3610,8,7259,64,61,77648,1273,7,2534,111,39419,26874,12052,493,355,30,19362,13630,5389,343,645,81,20057,13244,6663,150,248,NA,NA,NA,NA,NA,24,179,2278,95,10,70,780,78,14,109,1498,107,,925,925,76,849,43978,4637,39341,48,61,46,2346,4856,36776,,91,87,171518,1971,15,9793,27,26,93870,3610,8,7259,64,61,77648,1273,7,2534,,111,39419,26874,12052,493,355,30,19362,13630,5389,645,81,20057,13244,6663,248,,NA,NA,NA,NA,NA,24,179,2278,95,10,70,780,78,14,109,1498,107
Two-Seed-in-the-Spirit Predestinarian Baptists,0-2-5,27,6,21,304,79,225,11,13,11,130,174,NA,262,NA,42,24,24,19350,806,NA,NA,6,6,8100,1350,NA,NA,18,18,11250,625,NA,NA,20,473,288,85,100,24,3,60,33,27,NA,20,17,413,255,58,100,24,NA,NA,NA,NA,NA,NA,NA,NA,NA,NA,NA,NA,NA,NA,NA,NA,NA,,NA,NA,NA,NA,NA,NA,NA,NA,NA,NA,NA,NA,NA,,NA,NA,NA,NA,NA,NA,NA,NA,NA,NA,NA,NA,NA,NA,NA,NA,NA,NA,,NA,NA,NA,NA,NA,NA,NA,NA,NA,NA,NA,NA,NA,NA,NA,NA,,NA,NA,NA,NA,NA,NA,NA,NA,NA,NA,NA,NA,NA,NA,NA,NA,NA
Independent Baptist Church of America,,13,4,9,222,67,155,17,17,17,86,136,NA,118,NA,104,6,6,12000,2000,1,425,1,1,7000,NA,NA,NA,5,5,5000,1000,1,425,10,2499,779,1720,NA,250,3,1099,409,690,NA,366,7,1400,370,1030,NA,200,NA,NA,NA,NA,NA,6,18,146,24,1,3,10,NA,5,15,136,27,,NA,NA,NA,NA,NA,NA,NA,NA,NA,NA,NA,NA,NA,,NA,NA,NA,NA,NA,NA,NA,NA,NA,NA,NA,NA,NA,NA,NA,NA,NA,NA,,NA,NA,NA,NA,NA,NA,NA,NA,NA,NA,NA,NA,NA,NA,NA,NA,,NA,NA,NA,NA,NA,NA,NA,NA,NA,NA,NA,NA,NA,NA,NA,NA,NA
American Baptist Association,,1431,35,1396,117858,6387,111471,82,182,80,47367,65578,4913,103899,1149,12810,1066,1054,1832546,1739,71,58757,34,31,194550,6276,13,23460,1032,1023,1637996,1601,58,35297,1303,482045,351264,121406,9375,370,33,76624,61741,14883,NA,2322,1270,405421,289523,106523,9375,319,38,76050,2001,6,5725,918,6120,56228,61,32,401,5012,157,886,5719,51216,58,,NA,NA,NA,NA,NA,NA,NA,NA,NA,NA,NA,NA,NA,,NA,NA,NA,NA,NA,NA,NA,NA,NA,NA,NA,NA,NA,NA,NA,NA,NA,NA,,NA,NA,NA,NA,NA,NA,NA,NA,NA,NA,NA,NA,NA,NA,NA,NA,,NA,NA,NA,NA,NA,NA,NA,NA,NA,NA,NA,NA,NA,NA,NA,NA,NA
Brethren German Baptist (Dunkers): Church of Brethren (Conservative Dunkers).,0-2-6,1030,237,793,128392,39584,88808,125,167,112,54145,68284,5963,111233,7751,9408,1254,968,8630499,8916,131,676584,258,225,3943136,17525,68,567451,996,743,4687363,6309,63,109133,951,1744755,1214930,515260,14565,1835,228,796624,628423,167701,500,3494,723,948131,586507,347559,14065,1311,201,923820,4596,65,146710,895,13021,109891,123,222,4008,36397,164,673,9013,73494,109,,NA,NA,NA,NA,NA,NA,NA,NA,NA,NA,NA,NA,NA,,NA,NA,NA,NA,NA,NA,NA,NA,NA,NA,NA,NA,NA,NA,NA,NA,NA,NA,,NA,NA,NA,NA,NA,NA,NA,NA,NA,NA,NA,NA,NA,NA,NA,NA,,NA,NA,NA,NA,NA,NA,NA,NA,NA,NA,NA,NA,NA,NA,NA,NA,NA
Old German Baptist Brethern,0-2-7,62,6,56,3036,413,2623,49,69,47,1230,1806,NA,3036,NA,NA,66,59,161450,2736,NA,NA,6,6,29600,4933,NA,NA,60,53,131850,2488,NA,NA,53,18781,13533,5084,164,354,5,8552,8046,506,NA,1710,48,10229,5487,4578,164,213,NA,NA,NA,NA,NA,NA,NA,NA,NA,NA,NA,NA,NA,NA,NA,NA,NA,,NA,NA,NA,NA,NA,NA,NA,NA,NA,NA,NA,NA,NA,,NA,NA,NA,NA,NA,NA,NA,NA,NA,NA,NA,NA,NA,NA,NA,NA,NA,NA,,NA,NA,NA,NA,NA,NA,NA,NA,NA,NA,NA,NA,NA,NA,NA,NA,,NA,NA,NA,NA,NA,NA,NA,NA,NA,NA,NA,NA,NA,NA,NA,NA,NA
The Brethern Church ' (Progressive Dunkers),0-2-8,174,53,121,26026,12089,13937,150,228,115,10835,15161,30,22366,2007,1653,176,166,2274064,13699,37,236814,51,48,1459500,30406,22,186614,125,118,814564,6903,15,50200,166,523681,447977,75704,NA,3155,49,307996,263251,44745,NA,6286,117,215685,184726,30959,NA,1843,56,258200,4611,17,50600,160,2445,22917,143,50,1042,11614,232,110,1403,11303,103,,NA,NA,NA,NA,NA,NA,NA,NA,NA,NA,NA,NA,NA,,NA,NA,NA,NA,NA,NA,NA,NA,NA,NA,NA,NA,NA,NA,NA,NA,NA,NA,,NA,NA,NA,NA,NA,NA,NA,NA,NA,NA,NA,NA,NA,NA,NA,NA,,NA,NA,NA,NA,NA,NA,NA,NA,NA,NA,NA,NA,NA,NA,NA,NA,NA
"Seventh Day Baptists (German, 1728)",0-2-9,4,1,3,144,19,125,36,NA,42,62,82,NA,142,2,NA,4,4,18000,4500,NA,NA,1,1,5000,NA,NA,NA,3,3,13000,4333,NA,NA,3,2400,1000,900,500,800,1,1900,1000,900,NA,NA,2,500,NA,NA,500,250,1,2000,NA,NA,NA,3,24,144,48,1,3,28,NA,2,21,116,58,,NA,NA,NA,NA,NA,NA,NA,NA,NA,NA,NA,NA,NA,,NA,NA,NA,NA,NA,NA,NA,NA,NA,NA,NA,NA,NA,NA,NA,NA,NA,NA,,NA,NA,NA,NA,NA,NA,NA,NA,NA,NA,NA,NA,NA,NA,NA,NA,,NA,NA,NA,NA,NA,NA,NA,NA,NA,NA,NA,NA,NA,NA,NA,NA,NA
Church of God (New Dunkers),0-3-0,9,3,6,650,137,513,72,46,86,270,305,75,566,9,75,9,9,26000,2889,1,200,3,3,8500,2833,1,200,6,6,17500,2917,NA,NA,9,4005,3378,327,300,445,3,1683,1406,277,NA,561,6,2322,1972,50,300,387,NA,NA,NA,NA,NA,9,95,531,59,3,28,183,61,6,67,348,58,,NA,NA,NA,NA,NA,NA,NA,NA,NA,NA,NA,NA,NA,,NA,NA,NA,NA,NA,NA,NA,NA,NA,NA,NA,NA,NA,NA,NA,NA,NA,NA,,NA,NA,NA,NA,NA,NA,NA,NA,NA,NA,NA,NA,NA,NA,NA,NA,,NA,NA,NA,NA,NA,NA,NA,NA,NA,NA,NA,NA,NA,NA,NA,NA,NA
Plymouth Brethren I,0-3-1,166,117,49,4877,4145,732,29,35,15,2024,2848,5,4848,14,15,43,43,260460,6057,18,63849,28,28,230555,8234,17,62779,15,15,29905,1994,1,1070,152,166929,79320,87609,NA,1098,111,146060,72659,73401,NA,1316,41,20869,6661,14208,NA,509,NA,NA,NA,NA,NA,110,501,5323,48,85,414,4199,49,25,87,1124,45,,NA,NA,NA,NA,NA,NA,NA,NA,NA,NA,NA,NA,NA,,NA,NA,NA,NA,NA,NA,NA,NA,NA,NA,NA,NA,NA,NA,NA,NA,NA,NA,,NA,NA,NA,NA,NA,NA,NA,NA,NA,NA,NA,NA,NA,NA,NA,NA,,NA,NA,NA,NA,NA,NA,NA,NA,NA,NA,NA,NA,NA,NA,NA,NA,NA
Plymouth Brethren II,0-3-2,307,230,77,13497,11704,1793,44,51,23,5527,7930,40,13380,77,40,108,108,909952,8425,46,188031,83,83,847227,10208,39,180531,25,25,62725,2509,7,7500,286,369416,197881,170463,1072,1292,216,334418,182990,150356,1072,1548,70,34998,14891,20107,NA,500,NA,NA,NA,NA,NA,239,1340,13634,57,187,1164,11392,61,52,176,2242,43,,NA,NA,NA,NA,NA,NA,NA,NA,NA,NA,NA,NA,NA,,NA,NA,NA,NA,NA,NA,NA,NA,NA,NA,NA,NA,NA,NA,NA,NA,NA,NA,,NA,NA,NA,NA,NA,NA,NA,NA,NA,NA,NA,NA,NA,NA,NA,NA,,NA,NA,NA,NA,NA,NA,NA,NA,NA,NA,NA,NA,NA,NA,NA,NA,NA
Plymouth Brethren III,0-3-3,24,16,8,684,591,93,29,37,12,294,390,NA,683,1,NA,1,1,5000,NA,1,4000,1,1,5000,NA,1,4000,NA,NA,NA,NA,NA,NA,20,11931,6694,5237,NA,597,15,10899,6544,4355,NA,727,5,1032,150,882,NA,206,NA,NA,NA,NA,NA,14,32,352,25,9,25,248,28,5,7,104,21,,NA,NA,NA,NA,NA,NA,NA,NA,NA,NA,NA,NA,NA,,NA,NA,NA,NA,NA,NA,NA,NA,NA,NA,NA,NA,NA,NA,NA,NA,NA,NA,,NA,NA,NA,NA,NA,NA,NA,NA,NA,NA,NA,NA,NA,NA,NA,NA,,NA,NA,NA,NA,NA,NA,NA,NA,NA,NA,NA,NA,NA,NA,NA,NA,NA
Plymouth Brethren IV,0-3-4,47,34,13,1663,1407,256,35,41,20,651,962,50,1555,NA,108,NA,NA,NA,NA,NA,NA,NA,NA,NA,NA,NA,NA,NA,NA,NA,NA,NA,NA,41,41578,22376,16926,2276,1014,30,38025,20097,15652,2276,1268,11,3553,2279,1274,NA,323,NA,NA,NA,NA,NA,5,9,132,26,2,4,57,29,3,5,75,25,,NA,NA,NA,NA,NA,NA,NA,NA,NA,NA,NA,NA,NA,,NA,NA,NA,NA,NA,NA,NA,NA,NA,NA,NA,NA,NA,NA,NA,NA,NA,NA,,NA,NA,NA,NA,NA,NA,NA,NA,NA,NA,NA,NA,NA,NA,NA,NA,,NA,NA,NA,NA,NA,NA,NA,NA,NA,NA,NA,NA,NA,NA,NA,NA,NA
Plymouth Brethren V,0-3-5,83,56,27,2152,1710,442,26,31,16,892,1249,11,2103,32,17,3,3,5200,1733,NA,NA,1,1,4500,NA,NA,NA,2,2,700,350,NA,NA,69,45825,21129,24696,NA,664,48,41236,20041,21195,NA,859,21,4589,1088,3501,NA,219,NA,NA,NA,NA,NA,45,133,1332,30,33,111,1051,32,12,22,281,23,,NA,NA,NA,NA,NA,NA,NA,NA,NA,NA,NA,NA,NA,,NA,NA,NA,NA,NA,NA,NA,NA,NA,NA,NA,NA,NA,NA,NA,NA,NA,NA,,NA,NA,NA,NA,NA,NA,NA,NA,NA,NA,NA,NA,NA,NA,NA,NA,,NA,NA,NA,NA,NA,NA,NA,NA,NA,NA,NA,NA,NA,NA,NA,NA,NA
Plymouth Brethren VI,0-3-6,6,5,1,88,62,26,15,12,NA,38,50,NA,77,4,7,1,1,6000,NA,1,1800,NA,NA,NA,NA,NA,NA,1,1,6000,NA,1,1800,6,2311,1073,1238,NA,385,5,1414,556,858,NA,283,1,897,517,380,NA,NA,NA,NA,NA,NA,NA,2,5,38,19,1,1,8,NA,1,4,30,NA,,NA,NA,NA,NA,NA,NA,NA,NA,NA,NA,NA,NA,NA,,NA,NA,NA,NA,NA,NA,NA,NA,NA,NA,NA,NA,NA,NA,NA,NA,NA,NA,,NA,NA,NA,NA,NA,NA,NA,NA,NA,NA,NA,NA,NA,NA,NA,NA,,NA,NA,NA,NA,NA,NA,NA,NA,NA,NA,NA,NA,NA,NA,NA,NA,NA
Brethren in Christ,0-3-7,81,19,62,4320,1036,3284,53,55,53,1862,2458,NA,3776,174,370,78,72,348860,4845,2,5172,20,18,146460,8137,1,4872,58,54,202400,3748,1,300,74,92901,39179,53722,NA,1255,17,39682,22568,17114,NA,2334,57,53219,16611,36608,NA,934,4,12750,3188,NA,NA,63,694,5057,80,16,177,1492,93,47,517,3565,76,,NA,NA,NA,NA,NA,NA,NA,NA,NA,NA,NA,NA,NA,,NA,NA,NA,NA,NA,NA,NA,NA,NA,NA,NA,NA,NA,NA,NA,NA,NA,NA,,NA,NA,NA,NA,NA,NA,NA,NA,NA,NA,NA,NA,NA,NA,NA,NA,,NA,NA,NA,NA,NA,NA,NA,NA,NA,NA,NA,NA,NA,NA,NA,NA,NA
Old Order or Yorker Brethren,0-3-8,10,NA,10,472,NA,472,47,NA,47,176,296,NA,472,NA,NA,NA,NA,NA,NA,NA,NA,NA,NA,NA,NA,NA,NA,NA,NA,NA,NA,NA,NA,6,500,NA,200,300,83,NA,NA,NA,NA,NA,NA,6,500,NA,200,300,83,NA,NA,NA,NA,NA,NA,NA,NA,NA,NA,NA,NA,NA,NA,NA,NA,NA,,NA,NA,NA,NA,NA,NA,NA,NA,NA,NA,NA,NA,NA,,NA,NA,NA,NA,NA,NA,NA,NA,NA,NA,NA,NA,NA,NA,NA,NA,NA,NA,,NA,NA,NA,NA,NA,NA,NA,NA,NA,NA,NA,NA,NA,NA,NA,NA,,NA,NA,NA,NA,NA,NA,NA,NA,NA,NA,NA,NA,NA,NA,NA,NA,NA
United Zion's Children,0-3-9,28,5,23,905,238,667,32,48,29,369,488,48,724,5,176,22,22,78000,3545,NA,NA,5,5,31500,6300,NA,NA,17,17,46500,2735,NA,NA,18,5683,4546,1137,NA,316,1,1437,1012,425,NA,NA,17,4246,3534,712,NA,250,NA,NA,NA,NA,NA,7,48,387,55,2,20,160,80,5,28,227,45,,NA,NA,NA,NA,NA,NA,NA,NA,NA,NA,NA,NA,NA,,NA,NA,NA,NA,NA,NA,NA,NA,NA,NA,NA,NA,NA,NA,NA,NA,NA,NA,,NA,NA,NA,NA,NA,NA,NA,NA,NA,NA,NA,NA,NA,NA,NA,NA,,NA,NA,NA,NA,NA,NA,NA,NA,NA,NA,NA,NA,NA,NA,NA,NA,NA
Catholic Apostolic Church,0-4-2,11,11,NA,3408,3408,NA,310,310,NA,1427,1981,NA,2869,539,NA,7,7,407000,58143,1,1300,7,7,407000,58143,1,1300,NA,NA,NA,NA,NA,NA,10,119583,88375,31208,NA,11958,10,119583,88375,31208,NA,11958,NA,NA,NA,NA,NA,NA,NA,NA,NA,NA,NA,3,16,175,58,3,16,175,58,NA,NA,NA,NA,,NA,NA,NA,NA,NA,NA,NA,NA,NA,NA,NA,NA,NA,,NA,NA,NA,NA,NA,NA,NA,NA,NA,NA,NA,NA,NA,NA,NA,NA,NA,NA,,NA,NA,NA,NA,NA,NA,NA,NA,NA,NA,NA,NA,NA,NA,NA,NA,,NA,NA,NA,NA,NA,NA,NA,NA,NA,NA,NA,NA,NA,NA,NA,NA,NA
Christadelphians,0-4-3,134,93,41,3352,2658,694,25,29,17,1384,1937,31,3202,31,119,20,18,88100,4894,4,17850,10,10,74900,7490,3,17350,10,8,13200,1650,1,500,102,45740,22636,21787,1317,448,77,42270,21175,19953,1142,549,25,3470,1461,1834,175,139,NA,NA,NA,NA,NA,72,292,1859,26,57,240,1519,27,15,52,340,23,,NA,NA,NA,NA,NA,NA,NA,NA,NA,NA,NA,NA,NA,,NA,NA,NA,NA,NA,NA,NA,NA,NA,NA,NA,NA,NA,NA,NA,NA,NA,NA,,NA,NA,NA,NA,NA,NA,NA,NA,NA,NA,NA,NA,NA,NA,NA,NA,,NA,NA,NA,NA,NA,NA,NA,NA,NA,NA,NA,NA,NA,NA,NA,NA,NA
Christian and Missionary Alliance,0-4-4,332,221,111,22737,18988,3749,68,86,34,8539,14043,155,21874,743,120,268,254,3565375,14037,153,859635,187,176,3263775,18544,121,815703,81,78,301600,3867,32,43932,320,1345434,837663,490075,17696,4204,215,1217324,753517,446111,17696,5662,105,128110,84146,43964,NA,1220,102,566225,5551,47,130535,301,3117,25930,86,206,2364,20711,101,95,753,5219,55,,332,10,9,1,535,510,25,54,57,NA,198,337,NA,,6,6,57625,9604,3,23050,5,5,55625,11125,3,23050,1,1,2000,NA,NA,NA,,10,19177,12907,6270,NA,1918,9,18977,12707,6270,2109,1,200,200,NA,NA,,1,1875,NA,1,1250,8,57,490,61,7,54,465,66,1,3,25,NA
Christian Church (General Convention of the Christian Church),0-4-5,1044,135,909,112795,28079,84716,108,208,93,45157,62111,5527,93500,7411,11884,988,976,7202193,7379,103,581027,123,120,3457771,28815,38,462480,865,856,3744422,4374,65,118547,1004,1353379,1149610,199990,3779,1348,135,572583,489184,82965,434,4241,869,780796,660426,117025,3345,898,229,927133,4049,43,112685,938,10011,85478,91,131,2128,23298,178,807,7883,62180,77,,1044,68,18,50,7312,1705,5607,108,95,112,2690,4622,NA,,56,56,285100,5091,15,15401,8,8,168000,21000,3,11000,48,48,117000,2440,12,4401,,68,45739,38267,7038,434,673,18,23465,21253,1778,1304,50,22274,17014,5260,445,,1,5000,NA,NA,NA,63,433,3348,52,16,123,955,60,48,310,2393,50
Christian Science Parent Church,2-1-9,29,28,1,582,574,8,20,21,NA,144,438,NA,578,4,NA,1,1,4000,NA,1,2100,1,1,4000,NA,1,2100,NA,NA,NA,NA,NA,NA,23,50341,38244,9099,2998,2189,22,50143,38184,8961,2998,2279,1,198,60,138,NA,NA,NA,NA,NA,NA,NA,15,48,149,10,14,43,144,10,1,5,5,NA,,NA,NA,NA,NA,NA,NA,NA,NA,NA,NA,NA,NA,NA,,NA,NA,NA,NA,NA,NA,NA,NA,NA,NA,NA,NA,NA,NA,NA,NA,NA,NA,,NA,NA,NA,NA,NA,NA,NA,NA,NA,NA,NA,NA,NA,NA,NA,NA,,NA,NA,NA,NA,NA,NA,NA,NA,NA,NA,NA,NA,NA,NA,NA,NA,NA
Christian Union,0-4-6,137,13,124,8791,1382,7409,64,106,60,3784,4857,150,6653,492,1646,123,118,370784,3142,4,3360,11,11,83000,7545,NA,NA,112,107,287784,2690,4,3360,122,65209,56414,6310,2485,535,12,15531,13924,890,717,1294,110,49678,42490,5420,1768,452,11,24500,2227,1,1500,101,926,6789,67,11,114,1329,121,90,812,5460,61,,NA,NA,NA,NA,NA,NA,NA,NA,NA,NA,NA,NA,NA,,NA,NA,NA,NA,NA,NA,NA,NA,NA,NA,NA,NA,NA,NA,NA,NA,NA,NA,,NA,NA,NA,NA,NA,NA,NA,NA,NA,NA,NA,NA,NA,NA,NA,NA,,NA,NA,NA,NA,NA,NA,NA,NA,NA,NA,NA,NA,NA,NA,NA,NA,NA
Church of Armenia in America,0-0-6,29,26,3,28181,26822,1359,972,1032,453,14147,10956,3078,17422,7395,3364,18,17,476000,28000,12,136600,15,14,459000,32786,11,135200,3,3,17000,5667,1,1400,23,114793,98780,9444,6569,4991,20,108824,94280,8544,6000,5441,3,5969,4500,900,569,1990,5,43500,8700,1,10000,13,57,1134,87,10,52,1000,100,3,5,134,45,,NA,NA,NA,NA,NA,NA,NA,NA,NA,NA,NA,NA,NA,,NA,NA,NA,NA,NA,NA,NA,NA,NA,NA,NA,NA,NA,NA,NA,NA,NA,NA,,NA,NA,NA,NA,NA,NA,NA,NA,NA,NA,NA,NA,NA,NA,NA,NA,,NA,NA,NA,NA,NA,NA,NA,NA,NA,NA,NA,NA,NA,NA,NA,NA,NA
Church of Christ (Holiness) U.S.A,,82,46,36,4919,3002,1917,60,65,53,1589,2942,388,3990,422,507,69,68,326850,4807,20,79224,37,36,274750,7632,13,76153,32,32,52100,1628,7,3071,64,48968,36532,8191,4245,765,33,36006,27776,4718,3512,1091,31,12962,8756,3473,733,418,11,30500,2773,6,4222,72,460,2511,35,40,249,1482,37,32,211,1029,32,,82,82,46,36,4919,3002,1917,60,65,53,1589,2942,388,,69,68,326850,4807,20,79224,37,36,274750,7632,13,76153,32,32,52100,1628,7,3071,,64,48968,36532,8191,4245,765,33,36006,27776,4718,1091,31,12962,8756,3473,418,,11,30500,2773,6,4222,72,460,2511,35,40,249,1482,37,32,211,1029,32
"Church of Christ , Scientist ",2-0-6,1913,1504,409,202098,131657,8424,73,88,21,33700,103578,64820,202098,NA,NA,1206,1185,69416744,58580,411,9638400,1004,985,68142292,69180,352,9447789,202,200,1274452,6372,59,190611,1859,14202116,11809738,2312540,79838,7640,1467,13662643,11358434,2229176,75033,9313,392,539473,451304,83364,4805,1376,NA,NA,NA,NA,NA,1655,27439,140566,85,1347,25729,133145,99,308,1710,7421,24,,1913,1,1,NA,274,274,NA,NA,NA,NA,70,204,NA,,1,1,254061,NA,1,233561,1,1,254601,NA,1,233561,NA,NA,NA,NA,NA,NA,,1,38995,32397,6598,NA,NA,1,38995,32397,6598,NA,NA,NA,NA,NA,NA,,NA,NA,NA,NA,NA,1,72,395,NA,1,72,395,NA,NA,NA,NA,NA
Church of God,,644,168,476,23247,7903,15344,36,47,32,7358,15848,41,20716,740,1791,379,373,718329,1926,119,85885,109,107,408470,3817,52,59251,270,266,309859,1165,67,26634,471,290981,241505,44972,4504,618,129,145423,123323,21532,568,1127,342,145558,118182,23440,3936,426,50,58075,1162,14,11270,420,2644,21377,50,131,884,7746,59,298,1760,13631,46,,644,29,7,22,887,318,569,31,45,26,296,591,NA,,15,15,78015,5201,10,19737,5,5,57000,11400,2,15240,10,10,21015,2102,8,4497,,25,39064,34555,3909,600,1563,6,21644,19750,1894,3607,19,17420,14805,2015,917,,2,6000,3000,NA,NA,24,138,901,38,7,40,246,35,17,98,655,39
"Church of God (Headquarters, Anderson, Ind.)",2-0-5,932,428,504,38249,24643,13608,41,58,27,14318,23142,789,31862,1416,4971,717,697,3541102,5080,314,726126,343,335,2672880,7979,216,641595,374,362,868222,2398,98,84531,817,1115121,895891,177601,41629,1365,395,844070,692897,121041,30132,2137,422,271051,202994,56560,11497,642,123,414950,3374,63,97690,819,6469,61448,75,392,3728,37687,96,427,2741,23761,56,,932,98,54,44,3165,2404,761,32,45,17,1072,2093,NA,,81,77,343450,4460,29,66367,48,45,305150,6781,21,64702,33,32,38300,1197,8,1665,,82,86094,75573,9030,1491,1050,46,77258,68591,7206,1680,36,8836,6982,1824,245,,9,60200,6089,2,13700,89,499,3131,35,52,350,2296,44,37,149,825,23
Church of God and Saints of Christ,0-4-7,112,101,11,6741,6055,686,60,60,62,2539,4202,NA,5316,1425,NA,49,48,149210,3109,20,30219,43,42,138860,3306,19,30130,6,6,10350,1725,1,89,100,137345,76414,53917,7014,1373,91,129220,72297,52716,4207,1420,9,8125,4117,1201,2807,903,23,68450,2976,9,17439,67,303,2010,30,60,262,1751,29,7,41,259,37,,112,112,101,11,6741,6055,686,60,60,62,2539,4202,NA,,49,48,149210,3109,20,30219,43,43,138860,3306,19,30130,6,6,10350,1725,1,89,,100,137345,76414,53917,7014,1373,91,129220,72297,52716,1420,9,8125,4117,1201,903,,23,68450,2976,9,17439,67,303,2010,30,60,262,1751,29,7,41,259,37
Church of God in Christ,2-3-4,733,406,328,30263,20805,9458,41,51,29,9077,20873,313,23291,2071,4901,531,516,1508079,2923,234,261611,300,288,1274353,4425,160,242061,231,228,233726,1025,74,19550,624,516011,394773,90384,30854,827,359,417906,322234,70874,24798,1164,265,98105,72539,19510,6056,370,48,85000,1771,25,22941,585,3216,19282,33,331,2011,12666,38,254,1205,6616,26,,733,733,405,328,30263,20805,9458,41,51,29,9077,20873,313,,141,141,139919,992,21,4816,49,49,90010,1837,7,3301,92,92,49909,542,14,1515,,624,516011,394773,90384,30854,827,359,417906,322234,70874,1164,265,98105,72539,19510,370,,48,85000,1771,25,22941,585,3216,19282,33,331,2011,12666,38,254,1205,6616,26
Church of the Nazarene,1-5-9,1444,640,804,63558,40823,22735,44,64,28,22106,38111,3341,55991,3077,4490,1173,1113,7323718,6580,584,1611274,548,522,5776575,11066,375,1397771,625,591,1547143,2618,209,213503,1340,3124444,2434513,633263,56668,2332,599,2265199,1792630,434040,38529,3782,741,859245,641883,199223,18139,1160,483,1238006,2563,213,324797,1233,13015,109237,89,599,7663,71195,119,634,5352,38042,60,,NA,NA,NA,NA,NA,NA,NA,NA,NA,NA,NA,NA,NA,,NA,NA,NA,NA,NA,NA,NA,NA,NA,NA,NA,NA,NA,NA,NA,NA,NA,NA,,,,,,,,,,,,,,,,,,,NA,NA,NA,NA,NA,NA,NA,NA,NA,NA,NA,NA,NA,NA,NA,NA,NA
Churches of Christ,0-4-9,6226,896,5330,433714,104571,329143,70,117,62,176836,253130,3748,NA,NA,433714,5127,5089,16402158,3223,586,1511547,733,719,7402986,10296,269,1204833,4394,4370,8999172,2059,317,306714,5975,3961310,3223000,596343,141967,663,875,1784775,1476745,244534,63496,2040,5100,2176535,1746255,351809,78471,427,136,453050,3331,47,79365,4403,20595,274571,62,716,4538,71185,99,3687,16057,203386,55,,6226,214,80,134,8155,3580,4575,38,45,34,3296,4839,20,,141,141,139919,992,21,4861,49,49,90010,1837,7,3301,92,92,49909,542,14,1515,,212,40996,34886,5595,515,193,80,26373,22069,4304,330,132,14623,12817,1291,111,,NA,NA,NA,NA,NA,177,505,5905,33,71,233,2819,40,106,272,1086,29
"Churches of God, Holiness",2-4-3,29,24,5,2278,1929,349,79,80,70,830,1410,38,1865,400,13,16,16,159700,9981,7,71375,11,11,152500,13864,6,71350,5,5,7200,1440,1,25,26,35878,27878,8000,NA,1380,21,34693,26769,7924,NA,1652,5,1185,1109,76,NA,237,2,16700,8350,1,10000,27,174,1246,46,22,148,1066,48,5,26,180,36,,29,29,24,5,2278,1929,349,79,80,70,830,1410,38,,16,16,159700,9981,7,71375,11,11,152500,13864,6,71350,5,5,7200,1440,1,25,,26,35878,27878,8000,NA,1380,21,34693,26769,7924,1652,5,1185,1109,76,237,,2,16700,8350,1,10000,27,174,1246,46,22,148,1066,48,5,26,180,36
Churches of God in North America(General Eldership),0-5-1,428,70,358,31596,11324,20272,74,162,57,12182,17569,1845,25689,1606,4301,393,384,3211328,8363,44,312424,68,64,1755768,27434,23,252385,325,320,1455560,4549,21,60039,385,549002,451971,88259,8772,1426,63,238995,198155,40775,65,3794,322,310007,253816,47484,8707,963,122,506550,4152,14,39200,372,4640,40559,109,67,1294,14363,214,305,3346,26196,86,,428,7,2,5,274,55,219,39,38,44,103,171,NA,,5,3,8000,2667,NA,NA,3,1,6200,NA,NA,NA,2,2,1800,900,NA,NA,,7,2380,2066,249,65,340,2,1609,1428,116,805,5,771,638,133,154,,NA,NA,NA,NA,NA,7,33,298,43,2,13,109,55,5,20,189,38
"Church of the Living God, Christian Workers for Fellowship",0-5-3,149,82,67,11558,7289,4269,78,89,64,3964,7594,NA,11329,104,65,141,139,368935,2654,27,26460,77,75,268750,3583,21,24240,64,64,100185,1565,6,2220,144,50515,45989,4526,NA,351,80,36626,33164,3462,NA,458,64,13889,12825,1064,NA,217,4,6300,1575,2,1700,140,444,3465,25,77,285,2171,28,63,159,1294,21,,149,149,82,67,1158,7289,4269,78,89,64,3964,7594,NA,,141,139,368935,2654,27,26460,77,75,268750,3583,21,24240,64,64,100185,1565,6,2220,,144,50515,45989,4526,NA,351,80,36626,33164,3462,458,64,13889,12825,1064,217,,4,6300,1575,2,17000,140,444,3465,25,77,285,2171,28,63,159,1294,21
"Churches of Living God, ""The Pillar and Ground of Truth""",0-5-2,81,45,36,5844,3886,1958,72,86,54,3247,2597,NA,4879,965,NA,84,81,170547,2106,45,29277,48,45,126665,2815,30,24960,36,36,43882,1219,15,4317,81,64555,51284,13271,NA,797,45,43338,32682,10656,NA,963,36,21217,18602,2615,NA,589,14,25100,1793,2,3350,26,169,1468,56,19,132,1177,62,7,37,291,42,,81,81,45,36,5844,3886,1958,72,86,54,3247,2597,NA,,84,81,170547,2106,45,29277,48,45,126665,2815,30,24960,36,36,43882,1219,15,4317,,81,64555,51284,13271,NA,797,45,43338,32682,10656,963,36,21217,18602,2615,589,,14,25100,1793,2,3350,26,169,1468,56,19,132,1177,62,7,37,291,42
General Convention of the New Jerusalem,0-5-5,85,70,15,5442,4962,480,64,71,32,2133,3279,30,5103,99,240,63,57,3196100,56072,12,75500,50,47,3143300,66879,11,71900,13,10,52800,5280,1,3600,77,260373,235826,19070,5477,3381,63,244375,220127,18771,5477,3879,14,15998,15699,299,NA,1143,16,190500,11906,2,12600,58,391,2621,45,50,342,2355,47,8,49,266,33,,NA,NA,NA,NA,NA,NA,NA,NA,NA,NA,NA,NA,NA,,NA,NA,NA,NA,NA,NA,NA,NA,NA,NA,NA,NA,NA,NA,NA,NA,NA,NA,,NA,NA,NA,NA,NA,NA,NA,NA,NA,NA,NA,NA,NA,NA,NA,NA,,NA,NA,NA,NA,NA,NA,NA,NA,NA,NA,NA,NA,NA,NA,NA,NA,NA
General Church of the New Jerusalem,0-5-6,13,10,3,996,424,572,77,42,191,416,580,NA,981,15,NA,7,5,70000,14000,1,13000,3,3,24000,8000,NA,NA,4,2,46000,23000,1,13000,13,56848,52360,4488,NA,4373,10,14228,12750,1478,NA,1423,3,42620,39610,3010,NA,14207,4,35500,8875,2,6000,7,15,61,9,7,15,61,9,NA,NA,NA,NA,,NA,NA,NA,NA,NA,NA,NA,NA,NA,NA,NA,NA,NA,,NA,NA,NA,NA,NA,NA,NA,NA,NA,NA,NA,NA,NA,NA,NA,NA,NA,NA,,NA,NA,NA,NA,NA,NA,NA,NA,NA,NA,NA,NA,NA,NA,NA,NA,,NA,NA,NA,NA,NA,NA,NA,NA,NA,NA,NA,NA,NA,NA,NA,NA,NA
Amana Society,0-5-7,7,NA,7,1385,NA,1385,198,NA,198,640,745,NA,1088,297,NA,7,7,50000,7143,NA,NA,NA,NA,NA,NA,NA,NA,7,7,50000,7143,NA,NA,NA,NA,NA,NA,NA,NA,NA,NA,NA,NA,NA,NA,NA,NA,NA,NA,NA,NA,NA,NA,NA,NA,NA,NA,NA,NA,NA,NA,NA,NA,NA,NA,NA,NA,NA,,NA,NA,NA,NA,NA,NA,NA,NA,NA,NA,NA,NA,NA,,NA,NA,NA,NA,NA,NA,NA,NA,NA,NA,NA,NA,NA,NA,NA,NA,NA,NA,,NA,NA,NA,NA,NA,NA,NA,NA,NA,NA,NA,NA,NA,NA,NA,NA,,NA,NA,NA,NA,NA,NA,NA,NA,NA,NA,NA,NA,NA,NA,NA,NA,NA
United Society of Believers (Shakers),0-5-8,6,1,5,192,21,171,32,NA,34,34,26,166,177,15,NA,5,4,27500,6875,NA,NA,NA,NA,NA,NA,NA,NA,5,4,27500,6875,NA,NA,3,600,100,500,NA,200,NA,NA,NA,NA,NA,NA,3,600,100,500,NA,200,3,9000,3000,NA,NA,3,8,47,16,NA,NA,NA,NA,3,8,47,16,,NA,NA,NA,NA,NA,NA,NA,NA,NA,NA,NA,NA,NA,,NA,NA,NA,NA,NA,NA,NA,NA,NA,NA,NA,NA,NA,NA,NA,NA,NA,NA,,NA,NA,NA,NA,NA,NA,NA,NA,NA,NA,NA,NA,NA,NA,NA,NA,,NA,NA,NA,NA,NA,NA,NA,NA,NA,NA,NA,NA,NA,NA,NA,NA,NA
Congregational Churches,0-5-9,5028,1923,3105,881696,610787,270909,175,318,87,333473,548174,49,752534,16291,112871,5242,4795,162212552,33830,1229,19966539,2064,1844,132038465,71604,654,18847761,3178,2951,30174087,10255,575,1118788,4810,25820342,21854926,3884930,80486,5368,1885,19673611,16457432,3182592,33587,10437,2925,6146731,5397494,702338,46899,2101,3073,17059739,5551,516,1282365,4601,74077,596881,130,1851,43090,371734,201,2750,30987,225147,82,,5028,155,96,59,16000,13139,2861,103,137,48,6081,9782,137,,145,139,1896415,13643,59,230470,90,85,1733700,20396,38,224025,55,54,162715,3013,21,6445,,144,316444,295446,20388,610,2198,91,276793,258576,17607,3042,53,39651,36870,2781,748,,59,262150,4443,22,49827,140,1082,8899,64,86,815,6862,80,54,267,2037,38
Congregational Holiness Church,2-3-0,25,7,18,939,299,640,38,43,36,367,572,NA,898,19,22,19,19,22050,1161,6,865,5,5,7900,1580,3,294,14,14,14150,1011,3,571,24,7098,5472,1626,NA,296,6,2875,2205,670,NA,479,18,4223,3267,956,NA,235,NA,NA,NA,NA,NA,23,146,1175,51,6,43,410,68,17,103,765,45,,NA,NA,NA,NA,NA,NA,NA,NA,NA,NA,NA,NA,NA,,NA,NA,NA,NA,NA,NA,NA,NA,NA,NA,NA,NA,NA,NA,NA,NA,NA,NA,,NA,NA,NA,NA,NA,NA,NA,NA,NA,NA,NA,NA,NA,NA,NA,NA,,NA,NA,NA,NA,NA,NA,NA,NA,NA,NA,NA,NA,NA,NA,NA,NA,NA
Disciples of Christ,0-6-0,7648,2014,5634,1377595,751915,625680,180,373,111,547674,778472,51449,1148335,87237,142023,7252,6887,114850211,16676,1575,13522541,2069,1876,81686983,43543,901,11541869,5183,5011,33163228,6618,674,1980672,7250,22967484,19885635,3039761,42088,3168,1981,16325679,14013087,2299653,12939,8241,5269,6641805,5872548,740108,29149,1261,1734,7982310,4603,525,1207444,6680,91625,1000416,150,1924,44120,573836,298,4756,47505,426580,90,,7648,487,160,327,37325,14938,22387,77,93,68,12016,18459,6850,,421,411,1495568,3639,94,210410,147,140,1058900,7564,57,196119,274,271,436668,1611,37,14291,,447,289721,239279,33125,17317,648,145,189315,165795,17524,1306,302,100406,73484,15601,332,,30,93300,3110,8,16600,397,2081,14848,37,133,876,6179,46,264,1205,8669,33
Divine Science Church,2-3-2,22,22,0,3466,3466,NA,158,158,0,822,2025,619,2652,31,783,6,6,301000,50167,3,52000,6,6,301000,50167,3,52000,NA,NA,NA,NA,NA,NA,17,158458,141110,11348,6000,9321,17,158458,141110,11348,6000,9321,NA,NA,NA,NA,NA,NA,1,20000,NA,1,9000,17,154,1693,100,17,154,1693,100,NA,NA,NA,NA,,NA,NA,NA,NA,NA,NA,NA,NA,NA,NA,NA,NA,NA,,NA,NA,NA,NA,NA,NA,NA,NA,NA,NA,NA,NA,NA,NA,NA,NA,NA,NA,,NA,NA,NA,NA,NA,NA,NA,NA,NA,NA,NA,NA,NA,NA,NA,NA,,NA,NA,NA,NA,NA,NA,NA,NA,NA,NA,NA,NA,NA,NA,NA,NA,NA
Albanian Orthodox Church,0-6-1,9,9,NA,1993,1993,NA,221,221,NA,1135,858,NA,1300,693,NA,5,5,66000,13200,3,19500,5,5,66000,13200,3,19500,NA,NA,NA,NA,NA,NA,9,14850,14650,200,NA,1650,9,14850,14650,200,NA,1650,NA,NA,NA,NA,NA,NA,NA,NA,NA,NA,NA,NA,NA,NA,NA,NA,NA,NA,NA,NA,NA,NA,NA,,NA,NA,NA,NA,NA,NA,NA,NA,NA,NA,NA,NA,NA,,NA,NA,NA,NA,NA,NA,NA,NA,NA,NA,NA,NA,NA,NA,NA,NA,NA,NA,,NA,NA,NA,NA,NA,NA,NA,NA,NA,NA,NA,NA,NA,NA,NA,NA,,NA,NA,NA,NA,NA,NA,NA,NA,NA,NA,NA,NA,NA,NA,NA,NA,NA
Bulgarian Orthodox Church,0-6-2,4,4,NA,937,937,NA,234,234,NA,530,407,NA,515,292,130,3,3,32000,10667,NA,NA,3,3,32000,10667,NA,NA,NA,NA,NA,NA,NA,NA,3,5230,4900,330,NA,1743,3,5230,4900,330,NA,1743,NA,NA,NA,NA,NA,NA,NA,NA,NA,NA,NA,1,1,55,NA,1,1,55,NA,NA,NA,NA,NA,,NA,NA,NA,NA,NA,NA,NA,NA,NA,NA,NA,NA,NA,,NA,NA,NA,NA,NA,NA,NA,NA,NA,NA,NA,NA,NA,NA,NA,NA,NA,NA,,NA,NA,NA,NA,NA,NA,NA,NA,NA,NA,NA,NA,NA,NA,NA,NA,,NA,NA,NA,NA,NA,NA,NA,NA,NA,NA,NA,NA,NA,NA,NA,NA,NA
Greek Orthodox Church(Hellenic),0-6-3,153,146,7,119495,116771,2724,781,800,389,76397,39608,3490,87844,23020,8631,138,131,5011718,38257,85,1457844,130,124,4902218,39534,80,1439844,8,7,109500,15643,5,18000,145,958809,869915,85394,3500,6612,138,929284,842515,83269,3500,6734,7,29525,27400,2125,NA,4218,21,151250,7202,7,20000,73,188,5796,79,69,182,5608,81,4,6,188,47,,NA,NA,NA,NA,NA,NA,NA,NA,NA,NA,NA,NA,NA,,NA,NA,NA,NA,NA,NA,NA,NA,NA,NA,NA,NA,NA,NA,NA,NA,NA,NA,,NA,NA,NA,NA,NA,NA,NA,NA,NA,NA,NA,NA,NA,NA,NA,NA,,NA,NA,NA,NA,NA,NA,NA,NA,NA,NA,NA,NA,NA,NA,NA,NA,NA
Roumanian Orthodox Church,0-6-4,34,32,2,18853,18436,417,555,576,209,11142,7711,NA,14538,3822,493,32,30,621500,20717,15,51105,31,29,601500,20741,14,49830,1,1,20000,NA,1,1275,32,92124,88303,3821,NA,2879,30,89924,86153,3771,NA,2997,2,2200,2150,50,NA,1100,15,85500,5700,1,4000,18,21,1370,76,18,21,1370,76,NA,NA,NA,NA,,NA,NA,NA,NA,NA,NA,NA,NA,NA,NA,NA,NA,NA,,NA,NA,NA,NA,NA,NA,NA,NA,NA,NA,NA,NA,NA,NA,NA,NA,NA,NA,,NA,NA,NA,NA,NA,NA,NA,NA,NA,NA,NA,NA,NA,NA,NA,NA,,NA,NA,NA,NA,NA,NA,NA,NA,NA,NA,NA,NA,NA,NA,NA,NA,NA
Russian Orthodox Church,0-6-5,199,146,53,95134,80433,14701,478,551,277,49342,42690,2832,65751,26003,3380,194,187,4883515,26115,136,1184771,145,138,4263950,30898,108,1077639,49,49,619565,12644,28,107132,195,838453,746196,50762,41495,4300,144,730117,651633,45139,33345,5070,51,108336,94563,5623,8150,2124,157,1140600,7265,63,211141,90,152,5770,64,65,119,4553,70,25,33,1217,49,,NA,NA,NA,NA,NA,NA,NA,NA,NA,NA,NA,NA,NA,,NA,NA,NA,NA,NA,NA,NA,NA,NA,NA,NA,NA,NA,NA,NA,NA,NA,NA,,NA,NA,NA,NA,NA,NA,NA,NA,NA,NA,NA,NA,NA,NA,NA,NA,,NA,NA,NA,NA,NA,NA,NA,NA,NA,NA,NA,NA,NA,NA,NA,NA,NA
Serbian Orthodox Church,0-6-6,17,17,NA,13775,13775,NA,810,810,NA,7289,6421,65,9999,3328,448,17,16,272000,17000,5,72000,17,16,272000,17000,5,72000,NA,NA,NA,NA,NA,NA,15,67978,63885,4093,NA,4532,15,67978,63885,4093,NA,4532,NA,NA,NA,NA,NA,NA,10,50000,5000,5,10200,7,10,497,71,7,10,497,71,NA,NA,NA,NA,,NA,NA,NA,NA,NA,NA,NA,NA,NA,NA,NA,NA,NA,,NA,NA,NA,NA,NA,NA,NA,NA,NA,NA,NA,NA,NA,NA,NA,NA,NA,NA,,NA,NA,NA,NA,NA,NA,NA,NA,NA,NA,NA,NA,NA,NA,NA,NA,,NA,NA,NA,NA,NA,NA,NA,NA,NA,NA,NA,NA,NA,NA,NA,NA,NA
Syrian Orthodox Church,0-6-7,30,30,NA,9207,9207,NA,307,307,NA,4725,4482,NA,6452,2755,NA,29,25,902375,36095,17,122550,29,25,902375,36095,17,122550,NA,NA,NA,NA,NA,NA,24,66971,59268,7703,NA,2790,24,66971,59268,7703,NA,2790,NA,NA,NA,NA,NA,NA,7,37200,5314,3,11000,9,31,707,79,9,31,707,79,NA,NA,NA,NA,,NA,NA,NA,NA,NA,NA,NA,NA,NA,NA,NA,NA,NA,,NA,NA,NA,NA,NA,NA,NA,NA,NA,NA,NA,NA,NA,NA,NA,NA,NA,NA,,NA,NA,NA,NA,NA,NA,NA,NA,NA,NA,NA,NA,NA,NA,NA,NA,,NA,NA,NA,NA,NA,NA,NA,NA,NA,NA,NA,NA,NA,NA,NA,NA,NA
Evangelical Church,0-6-8,2054,575,1479,206080,107727,98353,100,187,66,85058,121022,NA,186910,10410,8760,2036,1989,25380761,12761,411,3872447,586,572,16800976,29372,252,3376961,1450,1417,8579785,6055,159,495486,2036,5951009,4636483,1303462,11064,2923,573,3636561,2880758,755803,NA,6347,1463,2314448,1755725,547659,11064,1582,1165,5299245,4549,191,419686,2000,30041,280195,140,572,12585,143527,251,1428,17456,136668,96,,NA,NA,NA,NA,NA,NA,NA,NA,NA,NA,NA,NA,NA,,NA,NA,NA,NA,NA,NA,NA,NA,NA,NA,NA,NA,NA,NA,NA,NA,NA,NA,,NA,NA,NA,NA,NA,NA,NA,NA,NA,NA,NA,NA,NA,NA,NA,NA,,NA,NA,NA,NA,NA,NA,NA,NA,NA,NA,NA,NA,NA,NA,NA,NA,NA
Evangelical Congregational Church,1-9-6,153,58,95,20449,13707,6742,134,236,71,8100,12349,NA,19012,1205,232,148,142,2319400,16334,29,240000,57,55,1743500,31700,20,225430,91,87,575900,6620,9,14570,153,574165,444444,129721,NA,3753,58,419805,316183,103622,NA,7238,95,154360,128261,26099,NA,1625,78,451300,5786,13,36900,148,2950,27395,185,57,1537,16791,295,91,1413,10604,117,,NA,NA,NA,NA,NA,NA,NA,NA,NA,NA,NA,NA,NA,,NA,NA,NA,NA,NA,NA,NA,NA,NA,NA,NA,NA,NA,NA,NA,NA,NA,NA,,NA,NA,NA,NA,NA,NA,NA,NA,NA,NA,NA,NA,NA,NA,NA,NA,,NA,NA,NA,NA,NA,NA,NA,NA,NA,NA,NA,NA,NA,NA,NA,NA,NA
Evangelical Synod of North America,0-9-0,1287,533,754,314518,203663,110855,244,382,147,138503,162654,13361,314518,NA,NA,1402,1253,35789581,28563,410,4109265,600,519,27632881,53243,279,3603315,802,734,8156700,1113,131,505950,1274,6002900,5136214,860133,6553,4712,529,4431904,3813016,618888,NA,8378,745,1570996,1323198,241245,6553,2109,982,5931291,6040,147,417260,1146,16978,171402,150,503,11406,114735,228,643,5572,56667,88,,NA,NA,NA,NA,NA,NA,NA,NA,NA,NA,NA,NA,NA,,NA,NA,NA,NA,NA,NA,NA,NA,NA,NA,NA,NA,NA,NA,NA,NA,NA,NA,,NA,NA,NA,NA,NA,NA,NA,NA,NA,NA,NA,NA,NA,NA,NA,NA,,NA,NA,NA,NA,NA,NA,NA,NA,NA,NA,NA,NA,NA,NA,NA,NA,NA
Apostolic Christian Church,0-7-1,53,10,43,5709,1215,4494,108,122,105,2107,3602,NA,5709,NA,NA,56,48,476800,9933,6,11650,9,9,102500,11389,1,150,47,39,374300,9597,5,11500,49,36072,27249,8823,NA,736,10,8948,6566,2382,NA,895,39,27124,20683,6441,NA,695,NA,NA,NA,NA,NA,48,228,2581,54,10,44,442,44,38,184,2139,56,,NA,NA,NA,NA,NA,NA,NA,NA,NA,NA,NA,NA,NA,,NA,NA,NA,NA,NA,NA,NA,NA,NA,NA,NA,NA,NA,NA,NA,NA,NA,NA,,NA,NA,NA,NA,NA,NA,NA,NA,NA,NA,NA,NA,NA,NA,NA,NA,,NA,NA,NA,NA,NA,NA,NA,NA,NA,NA,NA,NA,NA,NA,NA,NA,NA
Apostolic Faith Mission,0-7-2,14,12,2,2119,2061,58,151,172,29,932,1187,NA,1909,190,20,5,4,273500,68375,1,85000,4,3,272500,90833,1,85000,1,1,1000,NA,NA,NA,11,60622,45971,4870,9781,5511,10,60422,45771,4870,9781,6042,1,200,200,NA,NA,NA,1,5500,NA,NA,NA,7,48,578,83,6,45,532,89,1,3,46,NA,,NA,NA,NA,NA,NA,NA,NA,NA,NA,NA,NA,NA,NA,,NA,NA,NA,NA,NA,NA,NA,NA,NA,NA,NA,NA,NA,NA,NA,NA,NA,NA,,NA,NA,NA,NA,NA,NA,NA,NA,NA,NA,NA,NA,NA,NA,NA,NA,,NA,NA,NA,NA,NA,NA,NA,NA,NA,NA,NA,NA,NA,NA,NA,NA,NA
Christian Congregation,0-7-3,2,1,1,150,100,50,75,NA,NA,22,28,100,50,NA,100,1,1,1000,1000,NA,NA,NA,NA,NA,NA,NA,NA,1,1,1000,NA,NA,NA,1,250,200,50,NA,NA,NA,NA,NA,NA,NA,NA,1,250,200,50,NA,NA,NA,NA,NA,NA,NA,2,18,165,83,1,10,90,NA,1,8,75,NA,,NA,NA,NA,NA,NA,NA,NA,NA,NA,NA,NA,NA,NA,,NA,NA,NA,NA,NA,NA,NA,NA,NA,NA,NA,NA,NA,NA,NA,NA,NA,NA,,NA,NA,NA,NA,NA,NA,NA,NA,NA,NA,NA,NA,NA,NA,NA,NA,,NA,NA,NA,NA,NA,NA,NA,NA,NA,NA,NA,NA,NA,NA,NA,NA,NA
Church of Daniel's Band,0-7-4,4,3,1,129,105,24,32,35,NA,52,77,NA,125,4,NA,3,3,4500,1500,NA,NA,3,3,4500,1500,NA,NA,NA,NA,NA,NA,NA,NA,4,667,627,40,NA,167,3,567,527,40,NA,189,1,100,100,NA,NA,NA,NA,NA,NA,NA,NA,2,17,78,39,2,17,78,39,NA,NA,NA,NA,,NA,NA,NA,NA,NA,NA,NA,NA,NA,NA,NA,NA,NA,,NA,NA,NA,NA,NA,NA,NA,NA,NA,NA,NA,NA,NA,NA,NA,NA,NA,NA,,NA,NA,NA,NA,NA,NA,NA,NA,NA,NA,NA,NA,NA,NA,NA,NA,,NA,NA,NA,NA,NA,NA,NA,NA,NA,NA,NA,NA,NA,NA,NA,NA,NA
Church Of God as Organized By Christ,0-7-5,19,5,14,375,76,299,20,15,21,177,198,NA,19,NA,356,2,2,1400,700,NA,NA,NA,NA,NA,NA,NA,NA,2,2,1400,7,NA,NA,NA,NA,NA,NA,NA,NA,NA,NA,NA,NA,NA,NA,NA,NA,NA,NA,NA,NA,NA,NA,NA,NA,NA,NA,NA,NA,NA,NA,NA,NA,NA,NA,NA,NA,NA,,NA,NA,NA,NA,NA,NA,NA,NA,NA,NA,NA,NA,NA,,NA,NA,NA,NA,NA,NA,NA,NA,NA,NA,NA,NA,NA,NA,NA,NA,NA,NA,,NA,NA,NA,NA,NA,NA,NA,NA,NA,NA,NA,NA,NA,NA,NA,NA,,NA,NA,NA,NA,NA,NA,NA,NA,NA,NA,NA,NA,NA,NA,NA,NA,NA
Hephzibah Faith Missionary Association,0-7-7,14,2,12,495,118,377,35,59,31,204,291,NA,336,48,111,9,9,18500,2056,3,1140,2,2,6200,3100,1,400,7,7,12300,1757,2,740,10,5363,1691,3672,NA,536,2,2629,971,1658,NA,1315,8,2734,720,2014,NA,342,NA,NA,NA,NA,NA,10,89,414,41,1,6,30,NA,9,83,384,43,,NA,NA,NA,NA,NA,NA,NA,NA,NA,NA,NA,NA,NA,,NA,NA,NA,NA,NA,NA,NA,NA,NA,NA,NA,NA,NA,NA,NA,NA,NA,NA,,NA,NA,NA,NA,NA,NA,NA,NA,NA,NA,NA,NA,NA,NA,NA,NA,,NA,NA,NA,NA,NA,NA,NA,NA,NA,NA,NA,NA,NA,NA,NA,NA,NA
Metropolitan Church Association,0-7-9,40,28,12,1113,970,143,28,35,12,443,650,20,779,312,22,5,4,201650,50413,1,38500,3,2,200100,100050,2,38500,2,2,1550,775,NA,NA,34,107580,86726,20854,NA,3164,24,100632,82911,17721,NA,4193,10,6948,3815,3133,NA,695,1,3800,NA,1,1500,33,138,1618,49,22,97,1246,57,11,41,372,34,,NA,NA,NA,NA,NA,NA,NA,NA,NA,NA,NA,NA,NA,,NA,NA,NA,NA,NA,NA,NA,NA,NA,NA,NA,NA,NA,NA,NA,NA,NA,NA,,NA,NA,NA,NA,NA,NA,NA,NA,NA,NA,NA,NA,NA,NA,NA,NA,,NA,NA,NA,NA,NA,NA,NA,NA,NA,NA,NA,NA,NA,NA,NA,NA,NA
Missionary Church Association,0-8-0,34,12,22,2498,896,1602,73,75,73,1065,1433,NA,2311,67,120,31,30,262343,8745,11,35958,11,10,161000,16100,7,35308,20,20,101343,5067,4,650,33,105326,73652,31674,NA,3192,12,58731,49099,9632,NA,4894,21,46595,24553,22042,NA,2219,10,37800,3780,4,5254,29,423,3822,132,12,182,1777,148,17,241,2045,120,,NA,NA,NA,NA,NA,NA,NA,NA,NA,NA,NA,NA,NA,,NA,NA,NA,NA,NA,NA,NA,NA,NA,NA,NA,NA,NA,NA,NA,NA,NA,NA,,NA,NA,NA,NA,NA,NA,NA,NA,NA,NA,NA,NA,NA,NA,NA,NA,,NA,NA,NA,NA,NA,NA,NA,NA,NA,NA,NA,NA,NA,NA,NA,NA,NA
Missionary Bands of the World,0-8-2,11,5,6,241,170,71,22,34,12,80,161,NA,22,19,NA,9,9,20000,2222,3,966,4,4,11000,2750,2,700,5,5,9000,1800,1,266,10,6588,4738,1850,NA,659,5,5497,3883,1614,NA,1099,5,1091,855,236,NA,218,6,10000,1667,2,3000,8,52,248,31,4,24,150,38,4,28,98,25,,NA,NA,NA,NA,NA,NA,NA,NA,NA,NA,NA,NA,NA,,NA,NA,NA,NA,NA,NA,NA,NA,NA,NA,NA,NA,NA,NA,NA,NA,NA,NA,,NA,NA,NA,NA,NA,NA,NA,NA,NA,NA,NA,NA,NA,NA,NA,NA,,NA,NA,NA,NA,NA,NA,NA,NA,NA,NA,NA,NA,NA,NA,NA,NA,NA
Pillar of Fire,0-8-3,48,32,16,2442,1554,888,51,49,56,930,1474,38,1292,347,803,25,23,537000,23348,17,75200,17,16,447400,27963,14,72200,8,7,89600,12800,3,32,32,50080,38854,11226,NA,1565,21,45351,35490,9861,NA,2160,11,4729,3364,1365,NA,430,11,88000,8000,6,15000,36,200,1994,55,28,144,1387,50,8,56,607,76,,NA,NA,NA,NA,NA,NA,NA,NA,NA,NA,NA,NA,NA,,NA,NA,NA,NA,NA,NA,NA,NA,NA,NA,NA,NA,NA,NA,NA,NA,NA,NA,,NA,NA,NA,NA,NA,NA,NA,NA,NA,NA,NA,NA,NA,NA,NA,NA,,NA,NA,NA,NA,NA,NA,NA,NA,NA,NA,NA,NA,NA,NA,NA,NA,NA
Church of God (Apostolic),2-2-0,18,9,9,492,231,261,27,26,29,183,309,NA,394,21,107,8,8,24350,3044,4,3328,5,5,18850,3770,2,2900,3,3,5500,1833,2,428,14,5486,4590,896,NA,392,6,2370,1695,675,NA,395,8,3116,2895,221,NA,390,NA,NA,NA,NA,NA,13,70,341,26,6,31,137,23,7,39,204,29,,NA,NA,NA,NA,NA,NA,NA,NA,NA,NA,NA,NA,NA,,NA,NA,NA,NA,NA,NA,NA,NA,NA,NA,NA,NA,NA,NA,NA,NA,NA,NA,,NA,NA,NA,NA,NA,NA,NA,NA,NA,NA,NA,NA,NA,NA,NA,NA,,NA,NA,NA,NA,NA,NA,NA,NA,NA,NA,NA,NA,NA,NA,NA,NA,NA
Federated Churches,2-2-4,361,60,301,59977,16336,43641,166,272,145,21127,35571,3279,51511,2101,6365,552,343,6159725,17958,62,235530,80,56,2526800,45121,23,151420,472,287,3632925,12658,39,84110,354,1272455,1082730,189725,NA,3595,58,429323,361729,67594,NA,7402,296,843132,721001,122131,NA,2848,285,1147950,4028,33,53805,347,5352,46820,135,59,1332,11917,202,288,4020,34903,121,,NA,NA,NA,NA,NA,NA,NA,NA,NA,NA,NA,NA,NA,,NA,NA,NA,NA,NA,NA,NA,NA,NA,NA,NA,NA,NA,NA,NA,NA,NA,NA,,NA,NA,NA,NA,NA,NA,NA,NA,NA,NA,NA,NA,NA,NA,NA,NA,,NA,NA,NA,NA,NA,NA,NA,NA,NA,NA,NA,NA,NA,NA,NA,NA,NA
Free Christian Zion Church of Christ,0-8-5,5,1,4,187,60,127,37,NA,32,94,93,NA,162,25,NA,4,4,22000,5500,1,275,1,1,16000,NA,1,275,3,3,6000,2000,NA,NA,5,2481,2006,475,NA,496,1,1806,1506,300,NA,NA,4,675,500,175,NA,169,NA,NA,NA,NA,NA,5,22,97,19,1,5,35,NA,4,17,62,16,,5,5,1,4,187,60,127,37,NA,32,93,93,NA,,4,4,22000,5500,1,275,1,1,16000,NA,1,275,3,3,6000,2000,NA,NA,,5,2481,2006,475,NA,496,1,1806,1506,300,NA,4,675,500,175,169,,NA,NA,NA,NA,NA,5,22,97,19,1,5,35,NA,4,17,62,16
Free Church of God in Christ,2-4-2,19,15,4,874,797,77,46,53,19,300,574,NA,747,32,95,11,11,23700,2155,8,7200,10,10,23200,2320,7,7000,1,1,500,NA,1,200,18,19540,12505,7035,NA,1086,15,16440,10805,5635,NA,1096,3,3100,1700,1400,NA,1033,1,2000,NA,1,1000,17,100,633,37,14,87,568,41,3,13,65,22,,19,19,15,4,874,797,77,46,53,19,300,574,NA,,11,11,23000,2155,8,7200,10,10,23200,2320,7,7000,1,1,600,NA,1,200,,18,19540,12505,7035,NA,1086,15,16440,10805,5635,1096,3,3100,1700,1400,1033,,1,2000,NA,1,10000,17,100,633,37,14,87,568,41,3,13,65,22
Society of Friends (Orthodox),0-8-6,715,160,555,91326,35278,56048,128,220,101,39880,48951,2495,69466,13736,8124,725,665,8013407,12050,72,348190,182,150,5540200,36935,33,272961,543,515,2473207,4802,39,75229,696,1498161,1112929,367211,18021,2153,157,828347,626279,193833,8235,5276,539,669814,486650,173378,9786,1243,308,889146,2887,56,85673,639,7750,61815,97,144,2341,22794,158,495,5409,39021,79,,NA,NA,NA,NA,NA,NA,NA,NA,NA,NA,NA,NA,NA,,NA,NA,NA,NA,NA,NA,NA,NA,NA,NA,NA,NA,NA,NA,NA,NA,NA,NA,,NA,NA,NA,NA,NA,NA,NA,NA,NA,NA,NA,NA,NA,NA,NA,NA,,NA,NA,NA,NA,NA,NA,NA,NA,NA,NA,NA,NA,NA,NA,NA,NA,NA
Relgious Society of Friends (Hicksite),0-8-7,128,35,93,16105,5976,10129,126,171,109,7046,8725,334,14056,1912,137,151,115,2096200,18228,3,5870,39,28,1258500,44946,1,970,112,87,837700,9629,2,4900,118,173691,109819,56575,7297,1472,33,90082,59138,24041,6903,2730,85,83609,50681,32534,394,984,NA,NA,NA,NA,NA,80,686,5835,73,22,223,1819,83,58,463,4016,69,,NA,NA,NA,NA,NA,NA,NA,NA,NA,NA,NA,NA,NA,,NA,NA,NA,NA,NA,NA,NA,NA,NA,NA,NA,NA,NA,NA,NA,NA,NA,NA,,NA,NA,NA,NA,NA,NA,NA,NA,NA,NA,NA,NA,NA,NA,NA,NA,,NA,NA,NA,NA,NA,NA,NA,NA,NA,NA,NA,NA,NA,NA,NA,NA,NA
Orthodox Conservative Friends (Wilbur-ite),0-8-8,41,5,36,2966,671,2295,72,134,64,1392,1524,50,2398,518,50,41,38,98050,2580,1,400,4,4,20000,5000,NA,NA,37,34,78050,2296,1,400,39,15533,7856,7677,NA,398,4,3756,1673,2083,NA,939,35,11777,6183,5594,NA,336,NA,NA,NA,NA,NA,8,31,239,30,1,6,45,NA,7,25,194,28,,NA,NA,NA,NA,NA,NA,NA,NA,NA,NA,NA,NA,NA,,NA,NA,NA,NA,NA,NA,NA,NA,NA,NA,NA,NA,NA,NA,NA,NA,NA,NA,,NA,NA,NA,NA,NA,NA,NA,NA,NA,NA,NA,NA,NA,NA,NA,NA,,NA,NA,NA,NA,NA,NA,NA,NA,NA,NA,NA,NA,NA,NA,NA,NA,NA
Friends (Primitive) ,0-8-9,1,NA,1,25,NA,25,NA,NA,NA,13,12,NA,25,NA,NA,1,1,10000,NA,NA,NA,NA,NA,NA,NA,NA,NA,1,1,10000,NA,NA,NA,1,400,250,150,NA,NA,NA,NA,NA,NA,NA,NA,1,400,250,150,NA,NA,NA,NA,NA,NA,NA,NA,NA,NA,NA,NA,NA,NA,NA,NA,NA,NA,NA,,NA,NA,NA,NA,NA,NA,NA,NA,NA,NA,NA,NA,NA,,NA,NA,NA,NA,NA,NA,NA,NA,NA,NA,NA,NA,NA,NA,NA,NA,NA,NA,,NA,NA,NA,NA,NA,NA,NA,NA,NA,NA,NA,NA,NA,NA,NA,NA,,NA,NA,NA,NA,NA,NA,NA,NA,NA,NA,NA,NA,NA,NA,NA,NA,NA
Holiness Church,0-9-1,32,23,9,861,662,199,27,29,22,289,572,NA,718,11,132,30,29,148650,5126,5,1175,21,21,131750,6274,4,875,9,8,16900,2113,1,300,30,23913,19239,4674,NA,797,22,14984,11476,3508,NA,681,8,8929,7763,1166,NA,1116,16,39350,2459,2,601,25,151,811,32,18,105,532,30,7,46,279,40,,NA,NA,NA,NA,NA,NA,NA,NA,NA,NA,NA,NA,NA,,NA,NA,NA,NA,NA,NA,NA,NA,NA,NA,NA,NA,NA,NA,NA,NA,NA,NA,,NA,NA,NA,NA,NA,NA,NA,NA,NA,NA,NA,NA,NA,NA,NA,NA,,NA,NA,NA,NA,NA,NA,NA,NA,NA,NA,NA,NA,NA,NA,NA,NA,NA
Independent Churches,0-9-2,259,71,188,40381,24376,16005,156,343,85,14888,22053,3440,23379,2314,14688,203,189,4400278,23282,55,332332,60,52,2862838,55055,25,201472,143,137,1537440,11222,30,130860,229,1059,811008,112648,135674,4626,64,718650,499475,86677,132498,11229,165,340680,311533,25971,3176,2065,60,240100,4002,21,42496,215,2866,27435,128,58,1024,10842,187,157,1842,16593,106,,259,7,7,NA,1542,1542,NA,220,220,NA,401,1021,120,,2,2,67000,33500,2,30100,2,2,67000,33500,2,30100,NA,NA,NA,NA,NA,NA,,6,34904,32044,2860,NA,5817,6,34904,32044,2860,5817,NA,NA,NA,NA,NA,,NA,NA,NA,NA,NA,6,45,491,82,6,45,491,82,NA,NA,NA,NA
Jewish Congregations,,3118,3016,102,4081242,4062493,18749,1309,1347,184,NA,NA,4081242,NA,NA,4081242,1782,1135,97401688,85816,792,21921691,1745,1105,97048188,87826,778,21882841,37,30,353500,11783,14,38850,1290,19076451,13390597,1074680,4611174,14788,1257,18998022,13329726,1067865,4600431,15114,33,78429,60871,6815,10743,2377,53,441600,8332,19,106800,531,4123,70380,133,519,4083,69998,135,12,40,382,32,,NA,NA,NA,NA,NA,NA,NA,NA,NA,NA,NA,NA,NA,,NA,NA,NA,NA,NA,NA,NA,NA,NA,NA,NA,NA,NA,NA,NA,NA,NA,NA,,NA,NA,NA,NA,NA,NA,NA,NA,NA,NA,NA,NA,NA,NA,NA,NA,,NA,NA,NA,NA,NA,NA,NA,NA,NA,NA,NA,NA,NA,NA,NA,NA,NA
Church of Jesus Christ of Latter-Day Saints,0-9-6,1275,507,768,542194,280355,261839,425,553,341,250021,249107,43066,383886,115242,43066,969,969,15513315,16010,299,501792,352,352,8340836,23696,124,330445,617,617,7172479,11625,175,171347,1250,2519042,2056293,462749,NA,2015,501,1465419,1185876,279543,NA,2925,749,1053623,870417,183206,NA,1407,NA,NA,NA,NA,NA,1222,21864,178738,146,475,9188,87312,184,747,12676,91426,122,,NA,NA,NA,NA,NA,NA,NA,NA,NA,NA,NA,NA,NA,,NA,NA,NA,NA,NA,NA,NA,NA,NA,NA,NA,NA,NA,NA,NA,NA,NA,NA,,NA,NA,NA,NA,NA,NA,NA,NA,NA,NA,NA,NA,NA,NA,NA,NA,,NA,NA,NA,NA,NA,NA,NA,NA,NA,NA,NA,NA,NA,NA,NA,NA,NA
Reorganized Church of Jesus Christ of Latter-Day Saints,0-9-7,592,273,319,64357,39857,24510,109,146,77,26831,36741,795,58988,4619,760,472,446,3470000,7780,102,223359,218,204,2652545,13003,75,194781,254,242,817455,3378,27,28578,519,576853,257805,316452,2596,1111,249,465545,203369,259846,2330,1870,270,111308,54436,56606,266,412,NA,NA,NA,NA,NA,514,6360,30855,60,244,3438,18589,76,270,2922,12266,45,,NA,NA,NA,NA,NA,NA,NA,NA,NA,NA,NA,NA,NA,,NA,NA,NA,NA,NA,NA,NA,NA,NA,NA,NA,NA,NA,NA,NA,NA,NA,NA,,NA,NA,NA,NA,NA,NA,NA,NA,NA,NA,NA,NA,NA,NA,NA,NA,,NA,NA,NA,NA,NA,NA,NA,NA,NA,NA,NA,NA,NA,NA,NA,NA,NA
Liberal Catholic Church,2-2-6,39,39,NA,1799,1799,NA,46,46,NA,697,1102,NA,1533,266,NA,6,6,160000,26667,5,79243,6,6,160000,26667,5,79243,NA,NA,NA,NA,NA,NA,32,47287,43070,4217,NA,1478,32,47287,43070,4217,NA,1478,NA,NA,NA,NA,NA,NA,NA,NA,NA,NA,NA,7,16,214,31,7,16,214,31,NA,NA,NA,NA,,NA,NA,NA,NA,NA,NA,NA,NA,NA,NA,NA,NA,NA,,NA,NA,NA,NA,NA,NA,NA,NA,NA,NA,NA,NA,NA,NA,NA,NA,NA,NA,,NA,NA,NA,NA,NA,NA,NA,NA,NA,NA,NA,NA,NA,NA,NA,NA,,NA,NA,NA,NA,NA,NA,NA,NA,NA,NA,NA,NA,NA,NA,NA,NA,NA
Liberal Church of America,2-1-3,3,3,NA,358,358,NA,119,119,NA,213,145,NA,358,NA,NA,NA,NA,NA,NA,NA,NA,NA,NA,NA,NA,NA,NA,NA,NA,NA,NA,NA,NA,2,131,56,75,NA,66,2,131,56,75,NA,66,NA,NA,NA,NA,NA,NA,NA,NA,NA,NA,NA,NA,NA,NA,NA,NA,NA,NA,NA,NA,NA,NA,NA,,NA,NA,NA,NA,NA,NA,NA,NA,NA,NA,NA,NA,NA,,NA,NA,NA,NA,NA,NA,NA,NA,NA,NA,NA,NA,NA,NA,NA,NA,NA,NA,,NA,NA,NA,NA,NA,NA,NA,NA,NA,NA,NA,NA,NA,NA,NA,NA,,NA,NA,NA,NA,NA,NA,NA,NA,NA,NA,NA,NA,NA,NA,NA,NA,NA
Lithuanian National Catholic Church of America,0-9-8,4,4,NA,1497,1497,NA,374,374,NA,761,736,NA,993,504,NA,6,4,139000,34750,4,44800,6,4,139000,34750,4,44800,NA,NA,NA,NA,NA,NA,4,22151,17778,4373,NA,5538,4,22151,17778,4373,NA,5538,NA,NA,NA,NA,NA,NA,4,39000,9750,2,14000,1,3,217,NA,1,3,217,NA,NA,NA,NA,NA,,NA,NA,NA,NA,NA,NA,NA,NA,NA,NA,NA,NA,NA,,NA,NA,NA,NA,NA,NA,NA,NA,NA,NA,NA,NA,NA,NA,NA,NA,NA,NA,,NA,NA,NA,NA,NA,NA,NA,NA,NA,NA,NA,NA,NA,NA,NA,NA,,NA,NA,NA,NA,NA,NA,NA,NA,NA,NA,NA,NA,NA,NA,NA,NA,NA
United Lutheran Church in America,0-9-9,3650,1527,2123,1214340,816839,397501,374,374,NA,761,736,NA,993,504,43773,3596,3516,114526248,32573,1028,14273177,1539,1468,90084919,61366,759,12596303,2057,2048,24441329,11934,269,1676874,3577,21162961,17509300,3641048,12613,5916,1512,16220447,13471484,2741508,7455,10728,2065,4942514,4037816,899540,5158,2396,1987,14701040,7399,445,1782443,3415,62184,619781,181,1479,36868,385918,261,1936,25316,233863,121,,3650,1,1,NA,126,126,NA,NA,NA,NA,73,53,NA,,1,1,13000,NA,NA,NA,1,1,13000,NA,NA,NA,NA,NA,NA,NA,NA,NA,,1,306,211,95,NA,NA,1,306,211,95,NA,NA,NA,NA,NA,NA,,NA,NA,NA,NA,NA,1,8,90,NA,1,8,90,NA,NA,NA,NA,NA
Evangelical Lutheran Augustana Synod Of North America,1-0-3,1180,486,694,311425,188711,122711,264,388,177,147781,161979,1665,232733,76920,1772,1223,1118,22781698,20377,322,2230298,522,470,16260688,34597,212,1960635,701,648,6521010,10063,110,269663,1165,5369446,4161788,1166911,40747,4609,480,3609315,2899845,701399,8071,7519,685,1760131,1261943,465512,32676,2570,639,4381551,6857,139,403585,1036,13084,100775,97,449,8117,64552,144,587,4967,36223,62,,NA,NA,NA,NA,NA,NA,NA,NA,NA,NA,NA,NA,NA,,NA,NA,NA,NA,NA,NA,NA,NA,NA,NA,NA,NA,NA,NA,NA,NA,NA,NA,,NA,NA,NA,NA,NA,NA,NA,NA,NA,NA,NA,NA,NA,NA,NA,NA,,NA,NA,NA,NA,NA,NA,NA,NA,NA,NA,NA,NA,NA,NA,NA,NA,NA
Evangelical Lutheran Synodical Conference of America,,4752,1537,3215,1292620,692307,600313,272,450,187,571602,621261,99757,860021,370685,61914,4003,3878,78755894,20308,1226,9920128,1254,1278,53088523,41540,667,8333826,2649,2600,25667371,9872,559,1586302,4601,19487432,16071756,3409866,5810,4235,1488,12367383,10382267,1982635,2481,8311,3113,7120049,5689489,1427231,3329,2287,2833,15520237,5478,581,1545542,3028,21432,212071,70,1260,14576,144112,114,1768,6856,67959,38,,3650,1,1,NA,126,126,NA,NA,NA,NA,73,52,NA,,NA,NA,NA,NA,NA,NA,NA,NA,NA,NA,NA,NA,NA,NA,NA,NA,NA,NA,,NA,NA,NA,NA,NA,NA,NA,NA,NA,NA,NA,NA,NA,NA,NA,NA,,NA,NA,NA,NA,NA,1,8,90,NA,1,8,90,NA,NA,NA,NA,NA
"Evangelical Lutheran Synod of Missouri, Ohio, and Other States",1-1-4,3917,1335,2582,1040275,567569,472706,266,425,183,458209,502205,79861,686688,303050,50537,3193,3148,65318781,20749,1012,8556000,1131,1090,45326763,41584,567,7274049,2062,2058,19992018,9714,445,1281951,3789,16350315,13405593,2940104,4618,4315,1293,10576218,8811811,1761926,2481,8180,2496,5774097,4593782,1178178,2137,2313,2327,12449574,5350,472,1253519,2485,18393,179868,72,1098,12941,126110,115,1387,5452,53758,39,,3917,69,33,36,5871,3596,2275,85,109,63,2480,3308,83,,57,55,339650,6175,5,13790,25,23,293500,12761,4,13640,32,32,46150,1442,1,150,,67,72197,62421,7096,2680,1078,32,54634,48081,5417,35,17563,14340,1679,502,,,13,20700,1592,NA,NA,61,210,3314,54,26,107,1801,69,35,103,1513,43
Evangelical Lutheran Joint Synod of Wisconsin and Other States,1-1-5,709,152,557,229242,109956,119286,323,723,214,102538,107771,18933,157787,60378,11077,704,631,11828013,18745,176,1096883,177,146,6488760,44444,78,810732,527,485,5339253,11009,98,286151,695,2743164,2318329,423643,1192,3947,149,1484209,1288420,195789,NA,9961,546,1258955,1029909,227854,1192,2306,455,2640363,5803,93,228807,490,2741,28948,59,135,1433,15634,116,355,1308,13314,38,,NA,NA,NA,NA,NA,NA,NA,NA,NA,NA,NA,NA,NA,,NA,NA,NA,NA,NA,NA,NA,NA,NA,NA,NA,NA,NA,NA,NA,NA,NA,NA,,NA,NA,NA,NA,NA,NA,NA,NA,NA,NA,NA,NA,NA,NA,NA,NA,,NA,NA,NA,NA,NA,1,8,90,NA,1,8,90,NA,NA,NA,NA,NA
Slovak Evangelical Lutheran Synod of the United States of America,1-1-6,55,37,18,14759,12179,2580,268,329,143,6872,7018,869,9456,5198,105,48,43,1083000,25186,23,224795,35,31,1014700,32732,19,221045,13,12,68300,5692,4,3750,53,285341,266860,18481,NA,5384,35,264346,248344,16002,NA,7553,18,20995,18516,2479,NA,1166,32,296800,9275,9,38766,24,108,1826,76,17,87,1407,83,7,21,419,60,,NA,NA,NA,NA,NA,NA,NA,NA,NA,NA,NA,NA,NA,,NA,NA,NA,NA,NA,NA,NA,NA,NA,NA,NA,NA,NA,NA,NA,NA,NA,NA,,NA,NA,NA,NA,NA,NA,NA,NA,NA,NA,NA,NA,NA,NA,NA,NA,,NA,NA,NA,NA,NA,1,8,90,NA,1,8,90,NA,NA,NA,NA,NA
Norwegian Synod of the American Evangelical Lutheral Church,1-1-7,71,13,58,8344,2603,5741,118,200,99,3983,4267,94,6090,2059,195,58,56,526100,9395,15,42450,11,11,258300,23482,3,28000,47,45,267800,5951,12,14450,64,108612,80974,27638,NA,1697,11,42610,33692,8918,NA,3874,53,66002,47282,18720,NA,1245,19,133500,7026,7,24450,29,190,1429,49,10,115,961,96,19,75,468,25,,NA,NA,NA,NA,NA,NA,NA,NA,NA,NA,NA,NA,NA,,NA,NA,NA,NA,NA,NA,NA,NA,NA,NA,NA,NA,NA,NA,NA,NA,NA,NA,,NA,NA,NA,NA,NA,NA,NA,NA,NA,NA,NA,NA,NA,NA,NA,NA,,NA,NA,NA,NA,NA,NA,NA,NA,NA,NA,NA,NA,NA,NA,NA,NA,NA
Norwegian Lutheran Church of America,1-0-4,2554,327,2227,496707,122188,374519,194,374,168,240171,242303,14233,328306,146306,22095,2312,2278,24822215,10896,475,2298537,327,312,9749290,31248,157,1689541,1985,1966,15072925,7667,381,608998,2497,5786977,3974438,1782725,29814,2318,325,1964005,1544834,399702,19469,6043,2172,3822972,2429604,1383023,10345,1760,853,4617621,5413,175,356162,1660,14463,131147,49,299,5174,52618,176,1361,9289,78529,58,,NA,NA,NA,NA,NA,NA,NA,NA,NA,NA,NA,NA,NA,,NA,NA,NA,NA,NA,NA,NA,NA,NA,NA,NA,NA,NA,NA,NA,NA,NA,NA,,NA,NA,NA,NA,NA,NA,NA,NA,NA,NA,NA,NA,NA,NA,NA,NA,,NA,NA,NA,NA,NA,NA,NA,NA,NA,NA,NA,NA,NA,NA,NA,NA,NA
Evangelical Lutheran Joint Synod of Ohio and Other States,1-0-0,872,295,577,247783,135946,111837,284,461,194,113541,127855,6387,170043,73234,4506,902,832,15646708,18806,240,2150091,311,282,10510273,37270,140,1785605,591,550,5136435,9339,100,364486,865,3702259,2980188,722071,NA,4280,293,2310008,1862868,447140,NA,7884,572,1392251,1117320,274931,NA,2434,550,2970719,5401,100,376445,769,7604,88822,116,283,4312,51496,182,486,3292,37326,77,,NA,NA,NA,NA,NA,NA,NA,NA,NA,NA,NA,NA,NA,,NA,NA,NA,NA,NA,NA,NA,NA,NA,NA,NA,NA,NA,NA,NA,NA,NA,NA,,NA,NA,NA,NA,NA,NA,NA,NA,NA,NA,NA,NA,NA,NA,NA,NA,,NA,NA,NA,NA,NA,NA,NA,NA,NA,NA,NA,NA,NA,NA,NA,NA,NA
Lutheran Synod of Buffalo,1-0-2,41,16,25,9267,4949,4318,226,309,173,4318,4949,NA,6727,2220,320,50,41,873500,21305,16,112850,24,16,573000,35813,12,95050,26,25,300500,12020,4,17800,40,143726,122915,20811,NA,3593,16,88226,75962,12264,NA,5514,24,55500,46953,8547,NA,2313,29,186500,6431,9,25150,34,300,2649,78,16,223,1975,123,18,77,674,37,,NA,NA,NA,NA,NA,NA,NA,NA,NA,NA,NA,NA,NA,,NA,NA,NA,NA,NA,NA,NA,NA,NA,NA,NA,NA,NA,NA,NA,NA,NA,NA,,NA,NA,NA,NA,NA,NA,NA,NA,NA,NA,NA,NA,NA,NA,NA,NA,,NA,NA,NA,NA,NA,NA,NA,NA,NA,NA,NA,NA,NA,NA,NA,NA,NA
Evangelical Lutheran Church in America (Eielsen Synod),1-0-6,15,4,11,1087,346,741,72,87,67,525,562,NA,846,241,NA,11,10,42500,4250,1,300,3,3,21000,7000,NA,NA,8,7,21500,3071,1,300,14,6415,4575,1840,NA,458,4,2477,1893,584,NA,619,10,3938,2682,1256,NA,394,NA,NA,NA,NA,NA,10,28,217,22,3,12,90,30,7,16,127,18,,NA,NA,NA,NA,NA,NA,NA,NA,NA,NA,NA,NA,NA,,NA,NA,NA,NA,NA,NA,NA,NA,NA,NA,NA,NA,NA,NA,NA,NA,NA,NA,,NA,NA,NA,NA,NA,NA,NA,NA,NA,NA,NA,NA,NA,NA,NA,NA,,NA,NA,NA,NA,NA,NA,NA,NA,NA,NA,NA,NA,NA,NA,NA,NA,NA
Evangelical Lutheran Synod of Iowa and Other States,1-0-1,873,142,731,217873,62871,155002,250,443,212,103450,108487,5936,150159,63798,3916,876,799,8657486,10835,147,740724,154,135,3429700,25405,54,493247,722,664,5227786,7873,93,247477,867,2223888,1847505,376383,NA,2565,141,763639,657315,106324,NA,5416,726,1460249,1190190,270059,NA,2011,551,2385310,4329,77,167959,778,4964,50878,65,132,1600,16767,127,646,3364,34111,53,,NA,NA,NA,NA,NA,NA,NA,NA,NA,NA,NA,NA,NA,,NA,NA,NA,NA,NA,NA,NA,NA,NA,NA,NA,NA,NA,NA,NA,NA,NA,NA,,NA,NA,NA,NA,NA,NA,NA,NA,NA,NA,NA,NA,NA,NA,NA,NA,,NA,NA,NA,NA,NA,NA,NA,NA,NA,NA,NA,NA,NA,NA,NA,NA,NA
Danish Evangelical Lutheran Church in Amercia,1-0-9,96,35,61,18921,7782,11139,197,222,183,8915,8860,1146,12801,4160,1960,95,84,728200,8660,22,39885,34,31,463000,14935,13,29850,61,53,265200,5004,9,10035,95,178222,141247,31603,5372,1876,35,91588,76451,15065,72,2617,60,86634,64796,16538,5300,1444,57,247200,4337,10,16550,69,358,3362,49,29,175,1494,52,40,183,1868,47,,NA,NA,NA,NA,NA,NA,NA,NA,NA,NA,NA,NA,NA,,NA,NA,NA,NA,NA,NA,NA,NA,NA,NA,NA,NA,NA,NA,NA,NA,NA,NA,,NA,NA,NA,NA,NA,NA,NA,NA,NA,NA,NA,NA,NA,NA,NA,NA,,NA,NA,NA,NA,NA,NA,NA,NA,NA,NA,NA,NA,NA,NA,NA,NA,NA
Icelandic Evangelical Lutheran Synod in North America,,14,1,13,2186,120,2066,156,NA,159,1028,1038,120,1726,460,NA,14,14,56475,4034,1,4000,1,1,7000,NA,1,4000,13,13,49475,3806,NA,NA,14,14157,13033,1124,NA,1011,1,4050,4000,50,NA,NA,13,10107,9033,1074,NA,777,3,9000,3000,2,2300,11,75,458,42,1,13,65,NA,10,62,393,39,,NA,NA,NA,NA,NA,NA,NA,NA,NA,NA,NA,NA,NA,,NA,NA,NA,NA,NA,NA,NA,NA,NA,NA,NA,NA,NA,NA,NA,NA,NA,NA,,NA,NA,NA,NA,NA,NA,NA,NA,NA,NA,NA,NA,NA,NA,NA,NA,,NA,NA,NA,NA,NA,NA,NA,NA,NA,NA,NA,NA,NA,NA,NA,NA,NA
Finnish Evangelical Luteran Church of America or Suomi Synod,1-1-1,185,63,122,32071,17809,14262,173,283,117,15782,16289,NA,21132,10499,440,133,126,1018621,8084,34,78308,53,49,725315,14802,19,66850,80,77,293306,3809,15,11458,183,234139,191645,42494,NA,1279,63,165125,135974,29151,NA,2621,120,69014,55671,13343,NA,575,41,198750,4848,22,43573,134,1615,9028,67,52,908,5177,100,82,707,3851,47,,NA,NA,NA,NA,NA,NA,NA,NA,NA,NA,NA,NA,NA,,NA,NA,NA,NA,NA,NA,NA,NA,NA,NA,NA,NA,NA,NA,NA,NA,NA,NA,,NA,NA,NA,NA,NA,NA,NA,NA,NA,NA,NA,NA,NA,NA,NA,NA,,NA,NA,NA,NA,NA,NA,NA,NA,NA,NA,NA,NA,NA,NA,NA,NA,NA
Lutheran Free Church,1-0-5,393,55,338,46366,12295,34071,118,224,101,22238,22380,1703,32676,12452,1238,341,336,2303365,6855,71,115992,53,52,914750,17591,27,86250,288,284,1388615,4889,44,29742,377,526993,366764,160229,NA,1398,54,188252,142686,45566,NA,3486,323,338741,224078,114663,NA,1049,104,458650,4410,26,33050,236,1618,12849,54,49,635,5935,121,187,983,6914,37,,NA,NA,NA,NA,NA,NA,NA,NA,NA,NA,NA,NA,NA,,NA,NA,NA,NA,NA,NA,NA,NA,NA,NA,NA,NA,NA,NA,NA,NA,NA,NA,,NA,NA,NA,NA,NA,NA,NA,NA,NA,NA,NA,NA,NA,NA,NA,NA,,NA,NA,NA,NA,NA,NA,NA,NA,NA,NA,NA,NA,NA,NA,NA,NA,NA
United Danish Evangelical Lutheran Church in America,1-0-8,190,56,134,29196,11610,17588,154,207,131,13929,14620,649,20724,8197,277,176,172,1491348,8671,31,108610,55,53,897450,16933,16,94550,121,119,593898,4991,15,14060,185,382344,303989,78355,NA,2067,56,189982,159049,30933,NA,3393,129,192362,144940,47422,NA,1491,106,524050,4944,24,56095,162,1234,10556,65,48,508,4316,90,114,726,6240,55,,NA,NA,NA,NA,NA,NA,NA,NA,NA,NA,NA,NA,NA,,NA,NA,NA,NA,NA,NA,NA,NA,NA,NA,NA,NA,NA,NA,NA,NA,NA,NA,,NA,NA,NA,NA,NA,NA,NA,NA,NA,NA,NA,NA,NA,NA,NA,NA,,NA,NA,NA,NA,NA,NA,NA,NA,NA,NA,NA,NA,NA,NA,NA,NA,NA
Finnish Evangelical Luteran National Church of America,1-1-2,70,17,53,7788,3321,4467,111,195,84,3853,3935,NA,5203,2519,66,50,48,220050,4584,8,15650,11,10,131500,13150,4,13800,39,38,88550,2330,4,1850,64,28316,24397,3919,NA,442,16,17234,14849,2385,NA,1077,48,11082,9548,1534,NA,231,6,20800,3467,3,4006,39,197,1414,36,12,94,709,59,27,103,705,26,,NA,NA,NA,NA,NA,NA,NA,NA,NA,NA,NA,NA,NA,,NA,NA,NA,NA,NA,NA,NA,NA,NA,NA,NA,NA,NA,NA,NA,NA,NA,NA,,NA,NA,NA,NA,NA,NA,NA,NA,NA,NA,NA,NA,NA,NA,NA,NA,,NA,NA,NA,NA,NA,NA,NA,NA,NA,NA,NA,NA,NA,NA,NA,NA,NA
Finnish Apostolic Luteran Church,1-1-3,138,38,100,24016,5518,18498,174,145,185,10833,10547,2636,14499,6677,2840,80,78,226090,2899,14,11683,16,16,89300,5581,5,8425,64,62,136790,2206,9,3258,100,39728,20901,8829,9998,397,28,17750,8289,3053,6408,634,72,21978,12612,5776,3590,305,1,2500,NA,NA,NA,35,229,1924,55,7,61,405,58,28,168,1519,54,,NA,NA,NA,NA,NA,NA,NA,NA,NA,NA,NA,NA,NA,,NA,NA,NA,NA,NA,NA,NA,NA,NA,NA,NA,NA,NA,NA,NA,NA,NA,NA,,NA,NA,NA,NA,NA,NA,NA,NA,NA,NA,NA,NA,NA,NA,NA,NA,,NA,NA,NA,NA,NA,NA,NA,NA,NA,NA,NA,NA,NA,NA,NA,NA,NA
Church of the Lutheran Brethren of America,1-0-7,26,9,17,1700,961,739,65,107,43,828,872,NA,1227,453,20,22,21,102100,4862,6,8730,8,8,77500,9688,5,8700,14,13,24600,1892,1,30,24,37889,21352,15737,800,1579,9,26693,17279,8614,800,2966,15,11196,4073,7123,NA,746,3,11500,3833,2,2300,19,144,929,49,9,103,736,82,10,41,193,19,,NA,NA,NA,NA,NA,NA,NA,NA,NA,NA,NA,NA,NA,,NA,NA,NA,NA,NA,NA,NA,NA,NA,NA,NA,NA,NA,NA,NA,NA,NA,NA,,NA,NA,NA,NA,NA,NA,NA,NA,NA,NA,NA,NA,NA,NA,NA,NA,,NA,NA,NA,NA,NA,NA,NA,NA,NA,NA,NA,NA,NA,NA,NA,NA,NA
Evangelical Lutheran Jehovah Conference,2-1-6,3,1,2,851,239,612,284,NA,306,371,480,NA,506,345,NA,3,3,31000,10333,1,2000,1,1,15000,NA,1,2000,2,2,16000,8000,NA,NA,3,6602,6063,539,NA,2201,1,3158,3033,125,NA,NA,2,3444,3030,414,NA,1722,2,8000,4000,1,500,3,38,368,123,1,5,55,NA,2,33,313,157,,NA,NA,NA,NA,NA,NA,NA,NA,NA,NA,NA,NA,NA,,NA,NA,NA,NA,NA,NA,NA,NA,NA,NA,NA,NA,NA,NA,NA,NA,NA,NA,,NA,NA,NA,NA,NA,NA,NA,NA,NA,NA,NA,NA,NA,NA,NA,NA,,NA,NA,NA,NA,NA,NA,NA,NA,NA,NA,NA,NA,NA,NA,NA,NA,NA
Independent Lutheran Congregations ,2-0-1,50,27,23,11804,8719,3085,236,323,134,5163,5828,813,6796,2763,2245,52,46,1126250,24484,19,160995,28,24,975950,40665,13,148595,24,22,150300,6832,6,12400,50,169351,156628,12723,NA,3387,27,138202,131650,6552,NA,5119,23,31149,24978,6171,NA,1354,24,217900,9079,8,26725,34,272,2770,81,22,195,1892,86,12,77,878,73,,NA,NA,NA,NA,NA,NA,NA,NA,NA,NA,NA,NA,NA,,NA,NA,NA,NA,NA,NA,NA,NA,NA,NA,NA,NA,NA,NA,NA,NA,NA,NA,,NA,NA,NA,NA,NA,NA,NA,NA,NA,NA,NA,NA,NA,NA,NA,NA,,NA,NA,NA,NA,NA,NA,NA,NA,NA,NA,NA,NA,NA,NA,NA,NA,NA
Mennonite Church,1-1-8,295,60,235,34039,6820,27219,115,114,116,15852,18187,NA,31983,520,1536,270,264,1565800,5931,9,6886,56,55,396100,7202,4,5776,214,209,1169700,5597,5,1111,279,320151,150589,169087,475,1147,58,87394,43071,44323,NA,1507,221,232757,107518,124764,475,1053,18,86750,4819,1,1000,261,4252,37788,145,54,1009,9308,172,207,3243,28480,138,,NA,NA,NA,NA,NA,NA,NA,NA,NA,NA,NA,NA,NA,,NA,NA,NA,NA,NA,NA,NA,NA,NA,NA,NA,NA,NA,NA,NA,NA,NA,NA,,NA,NA,NA,NA,NA,NA,NA,NA,NA,NA,NA,NA,NA,NA,NA,NA,,NA,NA,NA,NA,NA,NA,NA,NA,NA,NA,NA,NA,NA,NA,NA,NA,NA
"Hutterian Brethren, Mennonites",1-1-9,6,1,5,700,27,673,117,NA,135,347,353,NA,691,NA,200,5,5,19000,3800,NA,NA,1,1,1000,NA,NA,NA,4,4,18000,4500,NA,NA,3,9645,1645,8000,NA,3215,NA,NA,NA,NA,NA,NA,3,9645,1645,8000,NA,3215,NA,NA,NA,NA,NA,3,15,115,38,1,6,20,NA,2,9,95,48,,NA,NA,NA,NA,NA,NA,NA,NA,NA,NA,NA,NA,NA,,NA,NA,NA,NA,NA,NA,NA,NA,NA,NA,NA,NA,NA,NA,NA,NA,NA,NA,,NA,NA,NA,NA,NA,NA,NA,NA,NA,NA,NA,NA,NA,NA,NA,NA,,NA,NA,NA,NA,NA,NA,NA,NA,NA,NA,NA,NA,NA,NA,NA,NA,NA
Conservative Amish Mennonite Church,1-2-0,7,1,6,691,94,597,99,NA,100,335,356,NA,691,NA,NA,8,7,16845,2406,NA,NA,1,1,1200,NA,NA,NA,7,6,15645,2608,NA,NA,5,2718,1138,1580,NA,544,1,111,111,NA,NA,NA,4,2607,1027,1580,NA,652,NA,NA,NA,NA,NA,6,99,871,145,NA,NA,NA,NA,6,99,871,145,,NA,NA,NA,NA,NA,NA,NA,NA,NA,NA,NA,NA,NA,,NA,NA,NA,NA,NA,NA,NA,NA,NA,NA,NA,NA,NA,NA,NA,NA,NA,NA,,NA,NA,NA,NA,NA,NA,NA,NA,NA,NA,NA,NA,NA,NA,NA,NA,,NA,NA,NA,NA,NA,NA,NA,NA,NA,NA,NA,NA,NA,NA,NA,NA,NA
Old Order Amish Mennonite Church,1-2-1,71,14,57,6006,1217,4789,85,87,84,2874,3132,NA,5755,NA,247,6,5,20300,4060,1,1100,1,1,2500,NA,NA,NA,5,4,17800,4450,1,1100,35,8011,2407,5604,NA,229,10,2901,478,2423,NA,290,25,5110,1929,3181,NA,204,NA,NA,NA,NA,NA,13,116,898,69,3,42,335,112,10,74,563,56,,NA,NA,NA,NA,NA,NA,NA,NA,NA,NA,NA,NA,NA,,NA,NA,NA,NA,NA,NA,NA,NA,NA,NA,NA,NA,NA,NA,NA,NA,NA,NA,,NA,NA,NA,NA,NA,NA,NA,NA,NA,NA,NA,NA,NA,NA,NA,NA,,NA,NA,NA,NA,NA,NA,NA,NA,NA,NA,NA,NA,NA,NA,NA,NA,NA
Church of God in Christ (Mennonite),1-2-2,26,3,23,1832,163,1669,70,54,73,808,964,60,872,NA,960,18,18,78850,4381,2,4709,3,3,5550,1850,NA,NA,15,15,73300,4887,2,4709,18,7705,4192,1863,1650,428,2,690,50,490,150,345,16,7015,4142,1373,1500,438,NA,NA,NA,NA,NA,8,45,436,55,1,3,14,NA,7,42,422,60,,NA,NA,NA,NA,NA,NA,NA,NA,NA,NA,NA,NA,NA,,NA,NA,NA,NA,NA,NA,NA,NA,NA,NA,NA,NA,NA,NA,NA,NA,NA,NA,,NA,NA,NA,NA,NA,NA,NA,NA,NA,NA,NA,NA,NA,NA,NA,NA,,NA,NA,NA,NA,NA,NA,NA,NA,NA,NA,NA,NA,NA,NA,NA,NA,NA
Old Order Mennonite Church (Wisler),1-2-3,19,2,17,2227,75,2152,117,38,127,1083,1144,NA,2047,NA,180,19,18,68700,3817,NA,NA,1,1,3000,NA,NA,NA,18,17,65700,3865,NA,NA,12,2504,376,2128,NA,209,1,100,75,25,NA,NA,11,2404,301,2103,NA,219,NA,NA,NA,NA,NA,NA,NA,NA,NA,NA,NA,NA,NA,NA,NA,NA,NA,,NA,NA,NA,NA,NA,NA,NA,NA,NA,NA,NA,NA,NA,,NA,NA,NA,NA,NA,NA,NA,NA,NA,NA,NA,NA,NA,NA,NA,NA,NA,NA,,NA,NA,NA,NA,NA,NA,NA,NA,NA,NA,NA,NA,NA,NA,NA,NA,,NA,NA,NA,NA,NA,NA,NA,NA,NA,NA,NA,NA,NA,NA,NA,NA,NA
Reformed Mennonite Church,1-2-4,31,6,25,1117,177,940,38,30,38,387,652,78,1039,NA,78,28,28,108800,3886,NA,NA,5,5,14800,2960,NA,NA,23,23,94000,4087,NA,NA,27,20565,8508,11232,825,762,4,1715,296,994,425,429,23,18850,8212,10238,400,820,NA,NA,NA,NA,NA,NA,NA,NA,NA,NA,NA,NA,NA,NA,NA,NA,NA,,NA,NA,NA,NA,NA,NA,NA,NA,NA,NA,NA,NA,NA,,NA,NA,NA,NA,NA,NA,NA,NA,NA,NA,NA,NA,NA,NA,NA,NA,NA,NA,,NA,NA,NA,NA,NA,NA,NA,NA,NA,NA,NA,NA,NA,NA,NA,NA,,NA,NA,NA,NA,NA,NA,NA,NA,NA,NA,NA,NA,NA,NA,NA,NA,NA
General Conference of the Mennonite Church of North America,1-2-5,136,19,117,21582,3106,18476,159,163,158,7805,8638,5139,18706,8,2868,131,130,1212350,9326,13,20995,19,18,330600,18367,5,15600,112,112,881750,7873,8,5395,131,378794,196411,182383,NA,2892,18,65489,41205,24284,NA,3638,113,313305,155206,158099,NA,2773,22,112850,5130,4,6700,130,1923,23537,181,18,325,3237,180,112,1598,20300,181,,NA,NA,NA,NA,NA,NA,NA,NA,NA,NA,NA,NA,NA,,NA,NA,NA,NA,NA,NA,NA,NA,NA,NA,NA,NA,NA,NA,NA,NA,NA,NA,,NA,NA,NA,NA,NA,NA,NA,NA,NA,NA,NA,NA,NA,NA,NA,NA,,NA,NA,NA,NA,NA,NA,NA,NA,NA,NA,NA,NA,NA,NA,NA,NA,NA
Defenseless Mennonites,1-2-6,10,NA,10,1060,NA,1060,106,NA,106,469,591,NA,824,69,167,10,10,87200,8720,1,4500,NA,NA,NA,NA,NA,NA,10,10,87200,8720,1,4500,10,37001,13611,23390,NA,3700,NA,NA,NA,NA,NA,NA,10,37001,13611,23390,NA,3700,2,6500,3250,NA,NA,10,154,1386,139,NA,NA,NA,NA,10,154,1386,139,,NA,NA,NA,NA,NA,NA,NA,NA,NA,NA,NA,NA,NA,,NA,NA,NA,NA,NA,NA,NA,NA,NA,NA,NA,NA,NA,NA,NA,NA,NA,NA,,NA,NA,NA,NA,NA,NA,NA,NA,NA,NA,NA,NA,NA,NA,NA,NA,,NA,NA,NA,NA,NA,NA,NA,NA,NA,NA,NA,NA,NA,NA,NA,NA,NA
Mennonite Brethren In Christ,1-2-7,99,41,58,5882,3117,2765,59,76,48,1911,2914,1057,4202,365,1315,99,90,544643,6052,22,58677,43,39,382850,9817,17,54927,56,51,161793,3172,5,3750,96,229803,133004,65781,31018,2394,41,136347,81856,39829,14662,3326,55,93456,51148,25952,16356,1699,51,200600,3933,15,26888,93,1216,8560,92,40,659,4750,119,53,557,3810,72,,NA,NA,NA,NA,NA,NA,NA,NA,NA,NA,NA,NA,NA,,NA,NA,NA,NA,NA,NA,NA,NA,NA,NA,NA,NA,NA,NA,NA,NA,NA,NA,,NA,NA,NA,NA,NA,NA,NA,NA,NA,NA,NA,NA,NA,NA,NA,NA,,NA,NA,NA,NA,NA,NA,NA,NA,NA,NA,NA,NA,NA,NA,NA,NA,NA
Mennonite Brethren Church of North America,1-2-8,61,7,54,6484,646,5838,106,92,108,3032,3423,29,6199,232,53,50,49,318920,6509,12,11692,6,6,46700,7783,2,3472,44,43,272220,6331,10,8220,54,118384,59926,58458,NA,2192,7,9616,5069,4547,NA,1374,47,108768,54857,53911,NA,2314,2,2500,1250,1,1500,50,642,7575,152,7,76,899,128,43,566,6676,155,,NA,NA,NA,NA,NA,NA,NA,NA,NA,NA,NA,NA,NA,,NA,NA,NA,NA,NA,NA,NA,NA,NA,NA,NA,NA,NA,NA,NA,NA,NA,NA,,NA,NA,NA,NA,NA,NA,NA,NA,NA,NA,NA,NA,NA,NA,NA,NA,,NA,NA,NA,NA,NA,NA,NA,NA,NA,NA,NA,NA,NA,NA,NA,NA,NA
Krimmer Brueder-Gemeinde,1-2-9,14,2,12,797,219,578,57,110,48,339,458,NA,757,40,NA,17,14,54105,3865,7,1800,2,2,17200,8600,NA,NA,15,12,36905,3075,7,1800,14,13543,6088,7455,NA,967,2,5205,2125,3080,NA,2603,12,8338,3963,4375,NA,695,2,7000,3500,NA,NA,14,118,1182,84,2,30,285,143,12,88,897,75,,NA,NA,NA,NA,NA,NA,NA,NA,NA,NA,NA,NA,NA,,NA,NA,NA,NA,NA,NA,NA,NA,NA,NA,NA,NA,NA,NA,NA,NA,NA,NA,,NA,NA,NA,NA,NA,NA,NA,NA,NA,NA,NA,NA,NA,NA,NA,NA,,NA,NA,NA,NA,NA,NA,NA,NA,NA,NA,NA,NA,NA,NA,NA,NA,NA
Mennonite Kleine Gemeinde,1-3-0,4,NA,4,214,NA,214,54,NA,54,93,121,NA,30,NA,184,4,4,6700,1675,NA,NA,NA,NA,NA,NA,NA,NA,4,4,6700,1675,NA,NA,4,486,486,NA,NA,122,NA,NA,NA,NA,NA,NA,4,486,486,NA,NA,122,NA,NA,NA,NA,NA,3,6,150,50,NA,NA,NA,NA,3,6,150,50,,NA,NA,NA,NA,NA,NA,NA,NA,NA,NA,NA,NA,NA,,NA,NA,NA,NA,NA,NA,NA,NA,NA,NA,NA,NA,NA,NA,NA,NA,NA,NA,,NA,NA,NA,NA,NA,NA,NA,NA,NA,NA,NA,NA,NA,NA,NA,NA,,NA,NA,NA,NA,NA,NA,NA,NA,NA,NA,NA,NA,NA,NA,NA,NA,NA
Central Conference of Mennonites,1-3-1,29,10,19,3124,1153,1971,108,115,104,1406,1718,NA,2857,267,NA,25,24,263000,10958,3,22500,10,9,110000,12222,2,10500,15,15,153000,10200,1,12000,29,100747,76306,24441,NA,3474,10,27091,20520,6571,NA,2709,19,73656,55786,17870,NA,3877,3,12000,4000,NA,NA,28,485,3614,129,9,174,1505,167,19,311,2109,111,,NA,NA,NA,NA,NA,NA,NA,NA,NA,NA,NA,NA,NA,,NA,NA,NA,NA,NA,NA,NA,NA,NA,NA,NA,NA,NA,NA,NA,NA,NA,NA,,NA,NA,NA,NA,NA,NA,NA,NA,NA,NA,NA,NA,NA,NA,NA,NA,,NA,NA,NA,NA,NA,NA,NA,NA,NA,NA,NA,NA,NA,NA,NA,NA,NA
Confrence of the Defenseless Mennonites of North America,1-3-2,9,2,7,818,184,634,91,92,91,357,461,NA,817,1,NA,9,9,60900,6767,2,282,2,2,28500,14250,NA,NA,7,7,32400,4629,2,282,9,14680,5864,8816,NA,1631,2,4921,3365,1556,NA,2461,7,9759,2499,7260,NA,1394,2,17500,8750,NA,NA,8,143,1415,177,2,55,513,257,6,88,902,150,,NA,NA,NA,NA,NA,NA,NA,NA,NA,NA,NA,NA,NA,,NA,NA,NA,NA,NA,NA,NA,NA,NA,NA,NA,NA,NA,NA,NA,NA,NA,NA,,NA,NA,NA,NA,NA,NA,NA,NA,NA,NA,NA,NA,NA,NA,NA,NA,,NA,NA,NA,NA,NA,NA,NA,NA,NA,NA,NA,NA,NA,NA,NA,NA,NA
Stauffer Mennonite Church,1-3-3,4,NA,4,243,NA,243,61,NA,61,111,132,NA,243,NA,NA,3,2,4500,2250,NA,NA,NA,NA,NA,NA,NA,NA,3,2,4500,2250,NA,NA,1,180,180,NA,NA,NA,NA,NA,NA,NA,NA,NA,1,180,180,NA,NA,NA,NA,NA,NA,NA,NA,NA,NA,NA,NA,NA,NA,NA,NA,NA,NA,NA,NA,,NA,NA,NA,NA,NA,NA,NA,NA,NA,NA,NA,NA,NA,,NA,NA,NA,NA,NA,NA,NA,NA,NA,NA,NA,NA,NA,NA,NA,NA,NA,NA,,NA,NA,NA,NA,NA,NA,NA,NA,NA,NA,NA,NA,NA,NA,NA,NA,,NA,NA,NA,NA,NA,NA,NA,NA,NA,NA,NA,NA,NA,NA,NA,NA,NA
Unaffiliated Mennonnite Congregations,2-2-7,5,1,4,348,32,316,70,NA,79,168,180,NA,345,3,NA,3,3,23000,7667,NA,NA,NA,NA,NA,NA,NA,NA,3,3,23000,7667,NA,NA,4,5150,2695,2455,NA,1288,NA,NA,NA,NA,NA,NA,4,5150,2695,2455,NA,1288,1,2060,NA,NA,NA,4,50,370,93,1,12,70,NA,3,38,300,100,,NA,NA,NA,NA,NA,NA,NA,NA,NA,NA,NA,NA,NA,,NA,NA,NA,NA,NA,NA,NA,NA,NA,NA,NA,NA,NA,NA,NA,NA,NA,NA,,NA,NA,NA,NA,NA,NA,NA,NA,NA,NA,NA,NA,NA,NA,NA,NA,,NA,NA,NA,NA,NA,NA,NA,NA,NA,NA,NA,NA,NA,NA,NA,NA,NA
Methodist Episcopal Church,1-3-4,26130,5489,20641,4080777,2212180,1868597,156,403,91,1518791,2274615,287371,3250505,313840,516432,25570,25290,406165659,16060,5064,42749854,5516,5358,274162895,51169,2286,35971915,20054,19932,132002764,6623,2778,6777939,25790,89422307,68949285,20462262,10760,3467,5466,57411370,43038086,14372684,600,10503,20324,32010937,25911199,6089578,10160,1575,13665,60724434,4444,2041,4547967,24730,382043,3796561,154,5404,156744,1910259,353,19326,225299,1886302,98,,26130,3734,805,2938,332347,149559,182788,89,186,62,117176,192905,NA,,3572,3552,18938246,5332,1095,2389675,769,758,12914353,17037,369,2048398,2803,2794,6023983,2156,726,341277,,3682,3694508,3138411,550561,5536,1003,793,2112660,1797791,314869,2664,2889,1581848,1340620,235692,548,,1419,2922791,2060,312,282053,3527,25846,196496,56,778,8712,83357,107,2749,17134,113139,41
Methodist Protestant Church ,1-3-5,2239,252,1987,192171,55652,136519,86,221,69,75408,106952,9811,150373,11551,30247,2109,2094,16817278,8031,249,1496175,250,246,9763034,39687,104,1239139,1859,1848,7054244,3817,145,257036,2160,3137211,2581210,547120,8881,1452,248,1536361,1277997,256758,1606,6195,1912,1600850,1303213,290362,7275,837,737,2951550,4005,109,204888,1917,19171,173438,90,243,4785,57224,235,1674,14386,116214,69,,2239,46,9,37,2529,305,2224,55,34,60,725,1164,640,,44,44,91650,2083,9,4998,9,9,26000,2889,3,3155,35,35,65650,1876,6,1843,,44,11495,8946,2299,250,261,9,2772,2370,402,308,35,8723,6576,1897,249,,3,2100,700,1,700,42,207,1283,31,8,34,203,25,34,173,1080,32
Wesleyan Methodist Connection (or Church) of America,1-3-6,619,139,480,21910,6958,14952,35,50,31,8117,13300,493,19115,1096,1699,572,555,1804719,3252,108,201660,131,125,881800,7054,57,169409,441,430,922919,2146,51,32251,585,773981,578681,193725,1575,1323,136,325498,252345,73153,NA,2393,449,448483,326336,120572,1575,999,262,538394,2055,58,62592,561,4739,34314,61,134,1475,12304,92,427,3264,22010,52,,619,26,10,16,1215,672,543,47,67,34,424,791,NA,,22,22,83100,3777,1,3600,9,9,67300,7478,1,3600,13,13,15800,1215,NA,NA,,25,16679,13781,2898,NA,667,10,11777,10422,1355,1178,15,4902,3359,1543,327,,4,4600,1150,NA,NA,26,196,1084,42,10,96,578,58,16,100,506,32
Primitive Methodist Church in the United States of America,1-3-7,80,54,26,11990,10348,1642,150,192,63,4539,7451,NA,10567,1286,137,83,79,1676800,21225,27,121049,55,54,1524700,28235,26,119249,28,25,152100,6084,1,1800,80,326598,270508,56090,NA,4082,54,283430,236375,47055,NA,5249,26,43168,34133,9035,NA,1660,63,406300,6449,13,29800,78,1571,15190,195,54,1249,12591,233,24,322,2599,108,,NA,NA,NA,NA,NA,NA,NA,NA,NA,NA,NA,NA,NA,,NA,NA,NA,NA,NA,NA,NA,NA,NA,NA,NA,NA,NA,NA,NA,NA,NA,NA,,NA,NA,NA,NA,NA,NA,NA,NA,NA,NA,NA,NA,NA,NA,NA,NA,,NA,NA,NA,NA,NA,NA,NA,NA,NA,NA,NA,NA,NA,NA,NA,NA,NA
"Methodist Episcopal Church, South",1-3-8,18096,1680,16416,2487694,886765,1600929,137,528,98,962356,1270526,254812,1820330,239647,427717,16582,16443,161986430,9851,2158,16072816,1686,1626,94481204,58107,690,12500521,14896,14817,67505226,4556,1468,3572295,17798,41651150,29809625,11168543,672982,2340,1671,22323410,15464809,6480468,378133,13359,16127,19327740,14344816,4688075,294849,1198,5973,24914300,4171,1025,1891168,15525,166752,1802464,116,1638,51322,672732,411,13887,115430,1129732,81,,NA,NA,NA,NA,NA,NA,NA,NA,NA,NA,NA,NA,NA,,NA,NA,NA,NA,NA,NA,NA,NA,NA,NA,NA,NA,NA,NA,NA,NA,NA,NA,,NA,NA,NA,NA,NA,NA,NA,NA,NA,NA,NA,NA,NA,NA,NA,NA,,NA,NA,NA,NA,NA,NA,NA,NA,NA,NA,NA,NA,NA,NA,NA,NA,NA
Congregational Methodist Church,1-3-9,145,10,135,9691,930,8761,67,93,65,4020,5671,NA,7347,299,2045,110,110,127775,1162,5,998,8,8,15000,1875,1,264,102,102,112775,1106,4,734,120,29529,22557,6662,310,246,8,4124,3473,651,NA,516,112,25405,19084,6011,310,227,1,5000,NA,1,1000,80,515,4807,60,7,48,667,95,73,467,4140,57,,NA,NA,NA,NA,NA,NA,NA,NA,NA,NA,NA,NA,NA,,NA,NA,NA,NA,NA,NA,NA,NA,NA,NA,NA,NA,NA,NA,NA,NA,NA,NA,,NA,NA,NA,NA,NA,NA,NA,NA,NA,NA,NA,NA,NA,NA,NA,NA,,NA,NA,NA,NA,NA,NA,NA,NA,NA,NA,NA,NA,NA,NA,NA,NA,NA
Free Methodist Church Of North America,1-4-0,1375,492,883,36374,20905,15469,26,42,18,12287,23602,485,32561,1132,2681,1207,1140,4921760,4317,139,292817,463,435,3382005,7775,94,241554,744,705,1539755,2184,45,51263,1269,1617802,1241701,329741,46360,1275,468,1027993,793393,212790,21810,2197,801,589809,448308,116951,24550,736,783,2144535,2739,144,157108,1026,9458,69549,68,437,4946,40817,93,589,4512,28732,49,,NA,NA,NA,NA,NA,NA,NA,NA,NA,NA,NA,NA,NA,,NA,NA,NA,NA,NA,NA,NA,NA,NA,NA,NA,NA,NA,NA,NA,NA,NA,NA,,NA,NA,NA,NA,NA,NA,NA,NA,NA,NA,NA,NA,NA,NA,NA,NA,,NA,NA,NA,NA,NA,NA,NA,NA,NA,NA,NA,NA,NA,NA,NA,NA,NA
New Congregational Methodist Church,1-4-1,26,1,25,1229,74,1155,47,NA,46,415,814,NA,927,14,288,22,21,23900,1138,NA,NA,1,1,2500,NA,NA,NA,21,20,21400,1070,NA,NA,19,1234,954,280,NA,65,NA,NA,NA,NA,NA,NA,19,1234,954,280,NA,65,NA,NA,NA,NA,NA,3,18,126,42,1,8,81,NA,2,10,45,23,,NA,NA,NA,NA,NA,NA,NA,NA,NA,NA,NA,NA,NA,,NA,NA,NA,NA,NA,NA,NA,NA,NA,NA,NA,NA,NA,NA,NA,NA,NA,NA,,NA,NA,NA,NA,NA,NA,NA,NA,NA,NA,NA,NA,NA,NA,NA,NA,,NA,NA,NA,NA,NA,NA,NA,NA,NA,NA,NA,NA,NA,NA,NA,NA,NA
Holiness Methodist Church,0-7-8,7,NA,7,459,NA,459,66,NA,66,217,242,NA,459,NA,NA,7,7,18500,2643,NA,NA,NA,NA,NA,NA,NA,NA,7,7,18500,2643,NA,NA,7,2073,1934,139,NA,296,NA,NA,NA,NA,NA,NA,7,2073,1934,139,NA,296,NA,NA,NA,NA,NA,7,68,531,76,NA,NA,NA,NA,7,68,531,76,,NA,NA,NA,NA,NA,NA,NA,NA,NA,NA,NA,NA,NA,,NA,NA,NA,NA,NA,NA,NA,NA,NA,NA,NA,NA,NA,NA,NA,NA,NA,NA,,NA,NA,NA,NA,NA,NA,NA,NA,NA,NA,NA,NA,NA,NA,NA,NA,,NA,NA,NA,NA,NA,NA,NA,NA,NA,NA,NA,NA,NA,NA,NA,NA,NA
Reformed Methodist Church,2-3-6,14,2,10,390,112,278,28,28,28,157,199,34,374,9,7,13,13,26300,2023,3,2546,3,3,9800,3267,1,2200,10,10,16500,1650,2,346,13,9176,6064,2045,1067,706,4,3478,1910,501,1067,870,9,5698,4154,1544,NA,633,2,3000,1500,NA,NA,12,82,356,30,4,28,111,28,8,54,245,31,,NA,NA,NA,NA,NA,NA,NA,NA,NA,NA,NA,NA,NA,,NA,NA,NA,NA,NA,NA,NA,NA,NA,NA,NA,NA,NA,NA,NA,NA,NA,NA,,NA,NA,NA,NA,NA,NA,NA,NA,NA,NA,NA,NA,NA,NA,NA,NA,,NA,NA,NA,NA,NA,NA,NA,NA,NA,NA,NA,NA,NA,NA,NA,NA,NA
African Methodist Episcopal Church,1-4-2,6708,1599,5109,545814,272765,273049,81,171,53,165615,295137,85062,358833,42230,144751,5927,5829,32092549,5506,1908,3332972,1446,1424,23994224,16850,728,2782754,4481,4405,8098325,1838,1180,550218,6492,7600161,6205632,1257397,137132,1171,1532,4803582,3993308,726635,83639,3135,4960,2796579,2212324,530762,53493,564,2134,4857996,2276,354,357137,5884,43383,288247,49,1454,16544,139608,96,4430,26839,148639,34,,6708,6708,1599,5109,545814,272765,273049,81,171,53,165515,295137,85062,,5927,5829,32092549,5506,1908,3332972,1446,1424,23994224,16850,728,2782754,4481,4405,8098325,1838,1180,550218,,6492,7600161,6205632,1257397,137132,1171,1532,4803582,3993308,726635,3135,4960,2796579,2212324,530762,564,,2134,4857996,2276,354,357137,5884,43383,288247,49,1454,16544,139608,96,4430,26839,148639,34
African Methodist Episcopal Church Zion Church,1-4-3,2466,650,1816,456813,193926,262887,185,298,145,167432,289381,NA,391960,57977,6876,2370,2370,18515723,7813,514,1837352,615,615,13451618,21873,245,1602747,1755,1755,5064105,2886,269,234606,2464,4757066,4091023,662993,3050,1931,649,2576570,2284192,292378,NA,3970,1815,2180496,1806831,370615,3050,1201,478,1916950,4010,72,111973,2429,45087,267141,110,640,14200,103542,162,1789,30887,163599,91,,2466,2466,650,1816,456813,193926,2629887,185,298,145,167432,289381,NA,,2370,2370,18515723,7813,514,1837352,615,615,13451618,21873,245,1602747,1755,1755,5064105,2886,269,234605,,2464,4757066,4091023,662993,3050,1931,649,2576570,2284192,292378,3970,1815,2180496,1806831,370615,1201,,478,1916950,4010,72,111973,2429,45087,267141,110,640,14200,103542,162,1789,30887,163599,91
Colored Methodist Protestant Church,1-4-4,2518,567,1951,202713,79183,123530,81,140,63,65781,107807,29125,129643,14964,NA,3,3,36000,12000,1,1200,3,3,36000,12000,1,1200,NA,NA,NA,NA,NA,NA,3,6685,5660,1025,NA,2228,3,6685,5660,1025,NA,2228,NA,NA,NA,NA,NA,NA,NA,NA,NA,NA,NA,3,18,98,33,3,18,98,33,NA,NA,NA,NA,,3,3,3,NA,533,533,NA,178,178,NA,194,339,NA,,3,3,36000,12000,1,1200,3,3,36000,12000,1,1200,NA,NA,NA,NA,NA,NA,,3,6685,5660,1025,NA,2228,3,6685,5660,1025,2228,NA,NA,NA,NA,NA,,NA,NA,NA,NA,NA,3,18,98,33,3,18,98,33,NA,NA,NA,NA
Union American Methodist Episcopal Church,1-4-5,73,37,36,10169,7043,3126,139,190,87,4223,5946,NA,7949,2007,213,65,64,478951,7484,23,42294,33,32,380150,11880,15,39464,32,32,98801,3088,8,2830,68,222621,202075,20546,NA,3274,35,159514,145485,14029,NA,4558,33,63107,56590,6517,NA,1912,15,57100,3807,11,14144,69,428,4240,61,37,268,3019,82,32,160,1221,38,,73,73,37,36,10169,7043,3126,139,190,87,4223,5946,NA,,65,64,478951,7484,23,42294,33,32,380150,11880,15,39464,32,32,98801,3088,8,2830,,68,222621,202075,20546,NA,3274,35,159514,145485,14029,4558,33,63107,56590,6517,1912,,15,57100,3807,11,14144,69,428,4240,61,37,268,3019,82,32,160,1221,38
African Union Methodist Protestant Church,1-4-6,43,23,20,4086,2707,1379,95,118,69,1255,1786,1045,2548,378,1160,43,40,476269,11907,17,21925,21,20,381483,19074,14,20675,22,20,94786,4739,3,1250,43,99563,88272,11291,NA,2315,23,64186,56738,7448,NA,2791,20,35377,31534,3843,NA,1769,15,44050,2937,3,3273,42,273,2851,68,22,142,1724,78,20,131,1127,56,,43,43,23,20,4086,2707,1379,95,118,69,1255,1786,1045,,43,40,476269,11907,17,21925,21,20,381483,19074,14,20675,22,20,94786,4739,3,1250,,43,99563,88272,11291,NA,2315,23,64186,56738,7448,2791,20,35377,31534,3843,1769,,15,44050,2937,3,3273,42,273,2851,68,22,142,1724,78,20,131,1127,56
Colored Methodist Episcopal Church,1-4-7,2518,567,1951,202713,79183,123530,81,140,63,65781,107807,29125,129643,14964,58106,2346,2341,9211437,3935,591,960124,524,521,5791115,11115,229,821462,1822,1820,3420322,1879,362,138,2477,2428234,1934540,417038,76656,980,558,1191659,962220,189414,40025,2136,1919,1236575,972320,227624,36631,644,530,984660,1858,109,93929,2351,15666,103523,44,540,4413,34571,64,1811,11253,68952,38,,2518,2518,567,1951,202713,79183,123530,81,140,63,65781,107807,29125,,2346,2341,9211437,3935,591,960124,524,521,5791115,11115,229,821462,1822,1820,3420322,1879,362,138662,,2477,2428234,1934540,417038,76656,980,558,1191659,962220,189414,2136,1919,1236575,972320,227624,644,,530,984660,1858,109,93929,2351,15666,103523,44,540,4413,34571,64,1811,11253,68952,38
Reformed Zion Union Apostolic Church,1-4-8,48,5,43,4538,651,3887,95,130,90,1876,2544,118,3723,346,469,46,45,184075,4091,17,11681,3,3,57000,19000,3,9000,43,42,127075,3026,14,2681,44,37601,24267,13334,NA,855,5,10292,7264,3028,NA,2058,39,27309,17003,10306,NA,700,1,500,NA,1,200,42,325,2882,69,5,37,394,79,37,288,2488,67,,48,48,5,43,4538,651,3887,95,130,90,1876,2544,118,,46,45,184075,4091,17,11681,3,3,57000,19000,3,9000,43,42,127075,3026,14,2681,,44,37601,24267,13334,NA,855,5,10292,7264,3028,2058,39,27309,17003,10306,700,,1,500,NA,1,200,42,325,2882,69,5,37,394,79,37,288,2488,67
Reformed Methodist Union Episcopal Church,1-5-0,25,7,18,2265,486,1779,91,69,99,764,1501,NA,1963,100,202,28,21,74800,3562,5,3710,9,4,29450,7363,2,2800,19,17,45350,2668,3,910,24,17282,14744,2538,NA,720,6,7064,6255,809,NA,1177,18,10218,8489,1729,NA,568,6,7500,1250,NA,NA,19,107,673,35,3,21,78,26,16,86,595,37,,25,25,7,18,2265,486,1779,91,69,99,764,1501,NA,,28,21,74800,3562,5,3710,9,4,29450,7363,2,2800,19,17,45350,2668,3,910,,24,17282,14744,2538,NA,720,6,7064,6255,809,1177,18,10218,8489,1729,568,,6,7500,1250,NA,NA,19,107,673,35,3,21,78,26,16,86,595,37
Independent African Methodist Episcopal Church,2-2-8,29,8,21,1003,424,579,35,53,28,351,652,NA,877,36,90,29,28,98050,3502,14,35619,8,7,74000,10571,6,31297,21,21,24050,1145,8,4322,27,11704,9958,1746,NA,433,8,7837,7374,463,NA,980,19,3867,2584,1283,NA,204,3,7500,2500,2,1750,26,141,663,26,8,44,280,35,18,97,383,21,,29,29,8,21,1003,424,579,35,53,28,351,652,NA,,29,28,98050,3502,14,35619,8,7,74000,10571,6,31297,21,21,24050,1145,8,4322,,27,11704,9958,1746,NA,433,8,7837,7374,463,980,19,3867,2584,1283,204,,3,7500,2500,2,1750,26,141,663,26,8,44,280,35,18,97,383,21
Moravian Church in America,1-5-1,127,57,70,31699,20111,11588,250,353,166,14149,17550,NA,25012,6433,254,156,125,4071550,32572,23,155456,75,55,3429000,62345,16,148006,81,70,642550,9179,7,7450,126,738814,511862,226952,NA,5864,57,579135,389105,190030,NA,10160,69,159679,122757,36922,NA,2314,90,712000,7911,11,20275,122,1846,19832,163,55,1125,12063,219,67,721,7769,116,,127,1,1,NA,694,694,NA,NA,NA,NA,250,444,NA,,1,1,30000,NA,NA,NA,1,1,30000,NA,NA,NA,NA,NA,NA,NA,NA,NA,,1,4475,3555,920,NA,NA,1,4475,3555,920,NA,NA,NA,NA,NA,NA,,1,10000,NA,NA,NA,1,21,208,NA,1,21,208,NA,NA,NA,NA,NA
Evangelical Unity of Bohemian and Moravian Brethren in North America,1-5-2,34,6,28,5241,759,4482,154,127,160,2527,2714,NA,3482,1759,NA,18,18,76700,4261,2,3900,2,2,16400,8200,1,1500,16,16,60300,3769,1,2400,34,12023,10517,1506,NA,354,6,1902,1710,192,NA,317,28,10121,8807,1314,NA,361,4,12000,3000,1,800,24,160,1708,71,4,30,254,64,20,130,1454,73,,NA,NA,NA,NA,NA,NA,NA,NA,NA,NA,NA,NA,NA,,NA,NA,NA,NA,NA,NA,NA,NA,NA,NA,NA,NA,NA,NA,NA,NA,NA,NA,,NA,NA,NA,NA,NA,NA,NA,NA,NA,NA,NA,NA,NA,NA,NA,NA,,NA,NA,NA,NA,NA,NA,NA,NA,NA,NA,NA,NA,NA,NA,NA,NA,NA
Bohemian and Moravian Brethren Churches,1-5-3,3,NA,3,303,NA,303,101,NA,101,162,141,NA,303,NA,NA,3,3,12000,4000,NA,NA,NA,NA,NA,NA,NA,NA,3,3,12000,4000,NA,NA,3,2626,2148,478,NA,875,NA,NA,NA,NA,NA,NA,3,2626,2148,478,NA,875,1,6000,NA,NA,NA,3,17,318,106,NA,NA,NA,NA,3,17,318,106,,NA,NA,NA,NA,NA,NA,NA,NA,NA,NA,NA,NA,NA,,NA,NA,NA,NA,NA,NA,NA,NA,NA,NA,NA,NA,NA,NA,NA,NA,NA,NA,,NA,NA,NA,NA,NA,NA,NA,NA,NA,NA,NA,NA,NA,NA,NA,NA,,NA,NA,NA,NA,NA,NA,NA,NA,NA,NA,NA,NA,NA,NA,NA,NA,NA
New Apostolic Church,1-5-4,25,23,2,2938,2888,50,118,126,25,1413,1525,NA,2265,673,NA,10,10,133000,13300,6,38000,10,10,133000,13300,6,38000,NA,NA,NA,NA,NA,NA,18,26972,16429,10543,NA,1498,18,26972,16429,10543,NA,1498,NA,NA,NA,NA,NA,NA,NA,NA,NA,NA,NA,18,41,479,27,18,41,479,27,NA,NA,NA,NA,,NA,NA,NA,NA,NA,NA,NA,NA,NA,NA,NA,NA,NA,,NA,NA,NA,NA,NA,NA,NA,NA,NA,NA,NA,NA,NA,NA,NA,NA,NA,NA,,NA,NA,NA,NA,NA,NA,NA,NA,NA,NA,NA,NA,NA,NA,NA,NA,,NA,NA,NA,NA,NA,NA,NA,NA,NA,NA,NA,NA,NA,NA,NA,NA,NA
American Catholic Church ,1-5-7,11,10,1,1367,1320,47,124,132,47,537,830,NA,1085,282,NA,2,2,9430,4715,1,5000,2,2,9430,4715,1,5000,NA,NA,NA,NA,NA,NA,11,11046,9000,2046,NA,1004,10,10624,8578,2046,NA,1062,1,422,422,NA,NA,NA,1,875,NA,NA,NA,5,16,221,44,4,15,210,53,1,1,11,NA,,NA,NA,NA,NA,NA,NA,NA,NA,NA,NA,NA,NA,NA,,NA,NA,NA,NA,NA,NA,NA,NA,NA,NA,NA,NA,NA,NA,NA,NA,NA,NA,,NA,NA,NA,NA,NA,NA,NA,NA,NA,NA,NA,NA,NA,NA,NA,NA,,NA,NA,NA,NA,NA,NA,NA,NA,NA,NA,NA,NA,NA,NA,NA,NA,NA
Old Catholic Church in America,1-5-6,9,7,2,1888,1436,452,210,205,236,1025,863,NA,1141,747,NA,5,4,37500,9375,4,23600,5,4,37500,9375,4,23600,NA,NA,NA,NA,NA,NA,8,19347,16747,2600,NA,2418,6,15297,13647,1650,NA,2550,2,4050,3100,950,NA,2025,1,10000,NA,1,4200,9,13,997,111,7,11,807,115,2,2,190,95,,NA,NA,NA,NA,NA,NA,NA,NA,NA,NA,NA,NA,NA,,NA,NA,NA,NA,NA,NA,NA,NA,NA,NA,NA,NA,NA,NA,NA,NA,NA,NA,,NA,NA,NA,NA,NA,NA,NA,NA,NA,NA,NA,NA,NA,NA,NA,NA,,NA,NA,NA,NA,NA,NA,NA,NA,NA,NA,NA,NA,NA,NA,NA,NA,NA
North American Old Roman Catholic Church,2-3-5,27,26,1,14793,14403,390,548,554,390,7479,7314,NA,11109,3684,NA,31,24,347435,14476,23,121657,30,23,340685,14812,22,116907,1,1,6750,NA,1,4750,27,102438,95439,6999,NA,3794,26,97580,90686,6894,NA,3753,1,4858,4753,105,NA,NA,15,71986,4799,5,7211,24,44,3446,144,23,43,3373,147,1,1,73,NA,,NA,NA,NA,NA,NA,NA,NA,NA,NA,NA,NA,NA,NA,,NA,NA,NA,NA,NA,NA,NA,NA,NA,NA,NA,NA,NA,NA,NA,NA,NA,NA,,NA,NA,NA,NA,NA,NA,NA,NA,NA,NA,NA,NA,NA,NA,NA,NA,,NA,NA,NA,NA,NA,NA,NA,NA,NA,NA,NA,NA,NA,NA,NA,NA,NA
The (Original) Church of God,2-3-1,50,18,32,1869,728,1141,37,40,36,236,304,1329,574,4,1291,22,21,37415,1782,4,3684,6,5,7615,1523,1,1600,16,16,29800,1863,3,2084,11,5348,4120,1228,NA,486,3,2285,1625,660,NA,762,8,3063,2495,568,NA,383,1,400,NA,NA,NA,11,69,644,59,4,23,118,30,7,46,526,75,,50,1,1,NA,12,12,NA,NA,NA,NA,NA,NA,12,,NA,NA,NA,NA,NA,NA,NA,NA,NA,NA,NA,NA,NA,NA,NA,NA,NA,NA,,NA,NA,NA,NA,NA,NA,NA,NA,NA,NA,NA,NA,NA,NA,NA,NA,,NA,NA,NA,NA,NA,NA,NA,NA,NA,NA,NA,NA,NA,NA,NA,NA,NA
Pentecostal Assemblies of the World,2-2-9,126,98,28,7850,6929,921,62,71,33,2608,5207,35,6428,750,672,67,60,502400,8373,42,166885,54,49,472200,9637,37,164869,13,11,30200,2745,5,2016,114,157785,133452,22832,1501,1384,90,145581,123609,21035,937,1618,24,12204,9843,1797,564,509,10,22300,2230,8,4530,99,600,4550,46,78,500,3652,47,21,100,898,43,,NA,NA,NA,NA,NA,NA,NA,NA,NA,NA,NA,NA,NA,,NA,NA,NA,NA,NA,NA,NA,NA,NA,NA,NA,NA,NA,NA,NA,NA,NA,NA,,NA,NA,NA,NA,NA,NA,NA,NA,NA,NA,NA,NA,NA,NA,NA,NA,,NA,NA,NA,NA,NA,NA,NA,NA,NA,NA,NA,NA,NA,NA,NA,NA,NA
Pentecostal Holiness Church,1-6-0,252,80,172,8096,3533,4563,32,44,27,2518,5309,269,7196,182,718,186,186,498246,2679,54,47166,62,62,288775,4658,27,36066,124,124,209471,1689,27,11100,241,185046,128425,50148,6473,768,79,108493,81329,23871,3293,1373,162,76553,47096,26277,3180,473,27,56800,2104,13,12349,202,1331,12772,63,71,551,5548,78,131,780,7224,55,,NA,NA,NA,NA,NA,NA,NA,NA,NA,NA,NA,NA,NA,,NA,NA,NA,NA,NA,NA,NA,NA,NA,NA,NA,NA,NA,NA,NA,NA,NA,NA,,NA,NA,NA,NA,NA,NA,NA,NA,NA,NA,NA,NA,NA,NA,NA,NA,,NA,NA,NA,NA,NA,NA,NA,NA,NA,NA,NA,NA,NA,NA,NA,NA,NA
Pilgrim Holiness Church,0-9-3,441,166,275,15040,8189,6851,34,49,24,5414,9225,400,12717,523,1800,380,356,1416519,3979,161,266215,148,137,937327,6842,88,204165,232,219,479192,2188,73,62050,415,572164,415368,132351,24445,1379,158,345741,250055,78554,17132,2188,257,226423,165313,53797,7313,881,108,301128,2788,68,90911,388,2964,23467,60,150,1357,12203,81,238,1607,11264,47,,NA,NA,NA,NA,NA,NA,NA,NA,NA,NA,NA,NA,NA,,NA,NA,NA,NA,NA,NA,NA,NA,NA,NA,NA,NA,NA,NA,NA,NA,NA,NA,,NA,NA,NA,NA,NA,NA,NA,NA,NA,NA,NA,NA,NA,NA,NA,NA,,NA,NA,NA,NA,NA,NA,NA,NA,NA,NA,NA,NA,NA,NA,NA,NA,NA
Polish National Catholic Church of America,1-6-1,91,77,14,61574,57925,3649,677,752,261,27985,28589,5000,35950,16151,9473,107,84,3365600,40067,72,1047733,93,71,3272500,46092,62,1013983,14,13,93100,7162,10,33750,87,485698,440107,45591,NA,5583,74,458313,414717,43596,NA,6193,13,27385,25390,1995,NA,2107,61,510750,8373,30,91683,74,116,6401,87,64,105,5905,92,10,11,496,50,,NA,NA,NA,NA,NA,NA,NA,NA,NA,NA,NA,NA,NA,,NA,NA,NA,NA,NA,NA,NA,NA,NA,NA,NA,NA,NA,NA,NA,NA,NA,NA,,NA,NA,NA,NA,NA,NA,NA,NA,NA,NA,NA,NA,NA,NA,NA,NA,,NA,NA,NA,NA,NA,NA,NA,NA,NA,NA,NA,NA,NA,NA,NA,NA,NA
Presbyterian Church in the United States of America,1-6-2,8974,3289,5658,1894030,1345438,548592,212,409,97,735649,1074272,84109,1653033,77700,163297,9438,8437,338152743,40080,2392,21404060,3747,3166,275821868,87120,1201,18272865,5691,5271,62330875,11825,1191,313195,8656,63230663,47791827,15299496,139340,7305,3259,49948515,36871833,12979694,96988,15326,5397,13282148,10919994,2319802,42352,2461,5228,35308613,6754,1111,2960359,8237,141338,1407298,171,3212,85529,924360,288,5025,55809,482938,96,,8947,450,195,255,37090,21503,15587,82,110,61,14048,21376,1666,,418,398,3285860,8256,103,263743,186,171,2718550,15898,61,243029,232,227,567310,2499,42,20714,,438,604179,536923,66356,900,1379,192,468451,425149,42402,2440,246,135728,111774,23954,552,,137,539455,3938,34,35236,400,3137,27817,70,181,1727,15598,86,219,1410,12219,56
Cumberland Presbyterian Church,1-6-3,1097,120,977,67938,13696,54242,62,114,56,27760,38330,1848,57770,3345,6823,999,986,3321287,40080,2392,21404060,125,116,1390390,11986,30,90958,874,870,1930897,2219,42,26138,961,759021,646459,106145,6417,790,115,314698,270498,43533,667,2737,846,444323,375961,62612,5750,525,132,334935,2537,24,30217,765,6233,48052,63,99,1295,11528,116,666,4938,36524,55,,NA,NA,NA,NA,NA,NA,NA,NA,NA,NA,NA,NA,NA,,NA,NA,NA,NA,NA,NA,NA,NA,NA,NA,NA,NA,NA,NA,NA,NA,NA,NA,,,,,,,,,,,,,,,,,,,NA,NA,NA,NA,NA,NA,NA,NA,NA,NA,NA,NA,NA,NA,NA,NA,NA
Colored Cumberland Presbyterian Church,1-6-4,178,60,118,10868,3911,6957,61,65,59,4410,6373,85,9418,1054,396,164,162,353825,2184,35,25095,54,52,167920,3229,20,20710,110,110,185905,1690,15,4385,167,80304,70437,9867,NA,481,56,38569,34049,4520,NA,689,111,41735,36388,5347,NA,376,10,9700,970,2,450,152,840,5223,34,51,295,1763,35,101,545,3460,34,,178,178,60,118,10868,3911,6957,61,65,59,4410,6373,85,,164,162,353825,2184,35,25095,54,52,167920,3229,20,20710,110,110,185905,1690,15,4385,,167,80304,70437,9867,NA,481,56,38569,34049,4520,689,111,41735,36388,5347,376,,10,9700,970,2,450,152,840,5223,34,51,295,1763,35,101,545,3460,34
United Presbyterian Church of North America,1-6-6,901,400,501,171571,113110,58461,190,283,117,71662,96786,3123,156512,7587,7472,930,879,29714845,33805,189,2387360,423,395,23692810,59982,138,2114237,507,484,6022035,12442,51,273123,890,6642820,4234127,2393445,15248,7464,398,4960948,3160139,1800809,NA,12465,492,1681872,1073988,592636,15248,3418,587,3630020,6184,136,453441,871,14924,148658,171,396,9081,97425,246,475,5843,51233,108,,901,14,6,8,1202,602,600,86,100,75,421,668,113,,13,12,189300,15775,NA,NA,7,6,126000,21000,NA,NA,6,6,63300,10550,NA,NA,,12,20211,14043,6168,NA,1684,5,10167,7692,2475,2033,7,10044,6351,3693,1435,,5,22300,4460,NA,NA,14,126,1587,113,6,64,764,127,8,62,823,103
Presbyterian Church in the United States ,1-6-7,3469,932,2587,451043,270188,180855,130,290,71,182552,245743,22748,379463,30769,40811,3617,3148,67798658,21537,621,6461274,1138,885,52622415,59460,351,5676201,2479,2263,15176243,6706,270,785073,3330,15612028,10824191,4784386,3451,4688,920,11743246,8007353,3735693,200,12764,2410,3868782,2816838,1048693,3251,1605,1438,8984140,6248,354,923620,2959,37501,367795,124,892,20250,216997,243,2067,17251,150798,73,,3469,52,17,35,2134,907,1227,41,53,35,817,1303,14,,47,46,138140,3003,10,2102,16,15,92175,6145,4,1670,31,31,45965,1483,6,432,,51,27846,22005,5826,15,546,17,18771,14287,4484,1104,34,9075,7718,1342,267,,15,31850,2123,4,6900,43,231,1569,36,16,98,777,49,27,133,792,29
Associate Synod of North America(Associate Presbyterian Church),1-6-8,11,3,8,329,103,226,30,34,28,126,203,NA,329,NA,NA,10,10,28800,2880,1,1000,3,3,12500,4167,1,1000,7,7,16300,2329,NA,NA,11,8841,6586,2255,NA,804,3,3537,2620,917,NA,1179,8,5304,3966,1338,NA,663,1,3000,NA,1,500,6,14,150,25,2,5,48,24,4,9,102,26,,NA,NA,NA,NA,NA,NA,NA,NA,NA,NA,NA,NA,NA,,NA,NA,NA,NA,NA,NA,NA,NA,NA,NA,NA,NA,NA,NA,NA,NA,NA,NA,,NA,NA,NA,NA,NA,NA,NA,NA,NA,NA,NA,NA,NA,NA,NA,NA,,NA,NA,NA,NA,NA,NA,NA,NA,NA,NA,NA,NA,NA,NA,NA,NA,NA
Associate Reformed Presbyterian Chuch of North America,1-6-9,143,47,96,20410,9206,11204,143,196,117,8699,10096,1615,16392,1664,2354,160,139,2428100,17468,21,251440,52,45,1634500,36322,15,231740,1008,94,793600,8443,6,19700,142,809883,674638,130456,4789,5703,47,607324,536036,66499,4789,12922,95,202559,138602,63957,NA,2132,81,395000,4877,20,53680,137,1640,15998,117,45,709,7442,165,92,931,8556,93,,NA,NA,NA,NA,NA,NA,NA,NA,NA,NA,NA,NA,NA,,NA,NA,NA,,NA,NA,NA,NA,NA,NA,NA,NA,NA,NA,NA,NA,NA,NA,,NA,NA,NA,NA,NA,NA,NA,NA,NA,NA,NA,NA,NA,NA,NA,NA,,NA,NA,NA,NA,NA,NA,NA,NA,NA,NA,NA,NA,NA,NA,NA,NA,NA
Synod of the Reformed Presbyterian Church of North America,1-7-0,89,44,45,7166,3653,3513,81,83,78,2802,4292,72,6875,219,72,97,79,1427100,18065,9,59900,43,37,1035600,27989,6,23100,54,42,391500,9321,3,36800,89,351179,239569,106475,5135,3946,44,213209,144380,68829,NA,4846,45,137970,95189,37646,5135,3066,34,140400,4129,7,10200,83,1044,7495,99,40,577,4320,108,43,467,3175,74,,NA,NA,NA,NA,NA,NA,NA,NA,NA,NA,NA,NA,NA,,NA,NA,NA,,NA,NA,NA,NA,NA,NA,NA,NA,NA,NA,NA,NA,NA,NA,,NA,NA,NA,NA,NA,NA,NA,NA,NA,NA,NA,NA,NA,NA,NA,NA,,NA,NA,NA,NA,NA,NA,NA,NA,NA,NA,NA,NA,NA,NA,NA,NA,NA
"Reformed Presbyterian Church in North America, General Synod",1-7-1,13,9,4,1929,1472,457,148,164,114,866,1063,NA,1906,23,NA,13,12,346800,28900,2,3200,9,9,304800,33867,1,1200,4,3,42000,14000,1,2000,13,40651,32392,8259,NA,3127,9,32916,25892,7024,NA,3657,4,7735,6500,1235,NA,1934,4,12800,3200,NA,NA,12,138,1259,105,8,106,1009,126,4,32,250,63,,NA,NA,NA,NA,NA,NA,NA,NA,NA,NA,NA,NA,NA,,NA,NA,NA,,NA,NA,NA,NA,NA,NA,NA,NA,NA,NA,NA,NA,NA,NA,,NA,NA,NA,NA,NA,NA,NA,NA,NA,NA,NA,NA,NA,NA,NA,NA,,NA,NA,NA,NA,NA,NA,NA,NA,NA,NA,NA,NA,NA,NA,NA,NA,NA
Protestant Episcopal Church,1-7-2,7299,3793,3506,1859056,1551659,307427,255,409,88,741486,1000017,117583,1299351,462310,97425,7085,6532,314596738,48162,1198,12220363,3983,3551,277875539,78253,945,11135472,3102,2981,36721199,12318,253,1084891,6817,44790130,35739568,9013715,36847,6570,3658,39098332,31056373,8027951,14008,10688,3159,5691798,4683195,985764,22839,1802,3648,34616887,9489,785,3230929,5607,58374,479430,86,3422,46522,385680,113,2185,11852,93750,43,,7299,287,205,82,51502,46201,5301,179,225,65,17846,26422,7234,,263,259,4162735,16072,50,285374,192,188,3958210,21054,45,281321,71,71,204525,2881,5,3053,,272,572108,483912,87826,370,2103,198,547923,465947,81714,2767,74,24185,17965,6112,327,,116,636250,5485,19,58225,260,171,19075,73,190,1450,15704,83,70,267,3371,48
Reformed Church in America,1-7-3,717,304,413,153739,96051,57688,214,316,140,58942,78865,15932,118664,1951,33124,817,690,38436822,55706,250,2580473,344,288,30557832,106104,135,2128275,473,402,7878990,19599,115,452198,714,5524673,4319919,1195917,8837,7738,303,3867138,3056371,803767,7000,12763,411,1657535,1263548,392150,1837,4033,580,5002275,8625,127,355460,689,11837,124308,180,296,6898,74667,252,393,4939,49641,126,,NA,NA,NA,NA,NA,NA,NA,NA,NA,NA,NA,NA,NA,,NA,NA,NA,NA,NA,NA,NA,NA,NA,NA,NA,NA,NA,NA,NA,NA,NA,NA,,NA,NA,NA,NA,NA,NA,NA,NA,NA,NA,NA,NA,NA,NA,NA,NA,,NA,NA,NA,NA,NA,NA,NA,NA,NA,NA,NA,NA,NA,NA,NA,NA,NA
Reformed Church in the United States,1-7-4,1709,543,1166,361286,200857,160429,211,370,138,159206,195036,7044,339344,1995,19947,1807,1680,44662875,26585,325,4415557,607,537,30471025,56743,218,3619337,1200,1143,14191850,12416,107,796220,1692,7488446,5670525,1817921,NA,4426,539,4907889,3708390,1199499,NA,9106,1153,2580557,1962135,618422,NA,2238,885,5894055,6660,158,573512,1614,29339,315343,195,537,13947,169293,315,1077,15392,146050,12,,NA,NA,NA,NA,NA,NA,NA,NA,NA,NA,NA,NA,NA,,NA,NA,NA,NA,NA,NA,NA,NA,NA,NA,NA,NA,NA,NA,NA,NA,NA,NA,,NA,NA,NA,NA,NA,NA,NA,NA,NA,NA,NA,NA,NA,NA,NA,NA,,NA,NA,NA,NA,NA,NA,NA,NA,NA,NA,NA,NA,NA,NA,NA,NA,NA
Christian Reformed Church,1-7-5,245,88,157,98534,51076,47458,402,580,302,47035,47848,3651,64252,30547,3735,263,268,5061850,21268,160,1042232,88,84,3367500,40089,64,767820,175,154,1694350,11002,96,274412,242,1700760,1179408,521352,NA,7028,86,1014282,703253,311029,NA,11794,156,686478,476155,210323,NA,4401,224,1515650,6766,84,242197,178,1948,25281,142,77,1137,14932,194,101,811,10349,102,,NA,NA,NA,NA,NA,NA,NA,NA,NA,NA,NA,NA,NA,,NA,NA,NA,NA,NA,NA,NA,NA,NA,NA,NA,NA,NA,NA,NA,NA,NA,NA,,NA,NA,NA,NA,NA,NA,NA,NA,NA,NA,NA,NA,NA,NA,NA,NA,,NA,NA,NA,NA,NA,NA,NA,NA,NA,NA,NA,NA,NA,NA,NA,NA,NA
Free Magyar Reformed Church in America,1-7-6,11,9,2,3992,3408,584,363,379,292,1784,1808,400,1895,1398,699,13,10,295600,29560,6,121000,12,9,270600,30067,6,121000,1,1,25000,NA,NA,NA,11,96557,93031,3526,NA,8778,9,89781,87370,2411,NA,9976,2,6776,5661,1115,NA,3388,5,54400,10880,4,25500,8,24,793,99,6,18,638,106,2,6,155,78,,NA,NA,NA,NA,NA,NA,NA,NA,NA,NA,NA,NA,NA,,NA,NA,NA,NA,NA,NA,NA,NA,NA,NA,NA,NA,NA,NA,NA,NA,NA,NA,,NA,NA,NA,NA,NA,NA,NA,NA,NA,NA,NA,NA,NA,NA,NA,NA,,NA,NA,NA,NA,NA,NA,NA,NA,NA,NA,NA,NA,NA,NA,NA,NA,NA
Reformed Episcopal Church,1-7-7,69,36,33,8651,6853,1798,125,190,54,3191,5460,NA,8143,174,334,77,69,2455850,35592,14,106894,44,36,2300000,63889,9,104953,33,33,155850,4723,5,1941,67,242668,202181,40487,NA,3622,35,211319,174570,36749,NA,6038,32,31349,27611,3738,NA,980,11,130200,11836,2,3700,59,696,6174,105,34,543,5046,148,25,153,1128,45,,69,36,7,29,2743,1158,1595,76,165,55,926,1827,NA,,36,36,59850,1663,8,2694,7,7,29500,4214,3,753,29,29,30350,1047,5,1941,,35,18417,12470,5947,NA,526,7,10794,7197,3597,1542,28,7623,5273,2350,272,,1,1200,NA,NA,NA,28,160,1216,43,7,48,450,64,21,112,766,36
Roman Catholic Church,1-7-8,18940,7870,11070,18605003,14809295,3795708,982,1882,343,8371216,8977841,1255946,12857277,5053781,693945,16794,16254,837271053,51512,5361,129937504,6963,6685,669746780,100187,3133,111666915,9831,9569,167524273,17507,2228,18270589,16317,204526487,181737884,19381523,3407080,12535,6931,168408356,148845494,16557004,3005858,24298,9386,36118131,32892390,2824519,401222,3848,11042,135815789,12300,1765,12710766,8239,49498,1201339,146,3699,36506,946807,256,4540,12992,254523,56,,18940,147,117,30,124324,106839,17485,846,913,583,50732,64523,9069,,129,126,4667378,37043,43,851461,104,101,4484128,44397,41,843711,25,25,183250,7330,2,7750,,129,1005645,913914,89731,2000,7796,105,946469,858990,85479,9014,24,59176,54924,4252,2466,,96,879906,9166,15,63147,76,462,11406,150,65,434,10736,165,11,28,670,61
Salvation Army,1-7-9,1052,1030,22,74768,73744,1024,71,72,47,32534,42234,NA,53745,21006,17,668,652,17738506,27206,424,5083565,656,640,17619071,27530,418,5046615,12,12,119435,9953,6,36950,1044,6001317,4147429,1843781,10107,5748,1022,5924523,4097274,1817142,10107,5797,22,76794,50155,26639,NA,3491,NA,NA,NA,NA,NA,1015,10210,91586,90,994,10029,90032,91,21,181,1554,74,,1052,5,5,NA,495,495,NA,99,99,NA,140,355,NA,,1,1,67064,NA,1,21400,1,1,67064,NA,21400,NA,NA,NA,NA,NA,NA,NA,,5,15118,12345,2773,NA,3024,5,15118,12345,2773,3024,NA,NA,NA,NA,NA,,NA,NA,NA,NA,NA,5,39,470,94,5,39,470,94,NA,NA,NA,NA
Swedish Evangelical Mission Convenant of America,1-8-0,357,166,191,36838,27003,9835,103,163,51,15312,19895,1631,31681,221,4936,357,340,5301379,15592,55,282845,171,162,4188496,25855,36,256590,186,178,1112883,6252,19,26255,344,1402398,1020249,291191,90958,4077,163,1079207,768489,224160,86558,6621,181,323191,251760,67031,4400,1786,213,1253670,5886,46,156009,312,4091,41050,132,157,2772,29177,186,155,1319,11873,77,,NA,NA,NA,NA,NA,NA,NA,NA,NA,NA,NA,NA,NA,,NA,NA,NA,NA,NA,NA,NA,NA,NA,NA,NA,NA,NA,NA,NA,NA,NA,NA,,NA,NA,NA,NA,NA,NA,NA,NA,NA,NA,NA,NA,NA,NA,NA,NA,,NA,NA,NA,NA,NA,NA,NA,NA,NA,NA,NA,NA,NA,NA,NA,NA,NA
Swedish Evangelical Free Church of the United States of America,1-8-1,107,37,70,8166,4994,3172,76,135,45,3293,4195,678,7168,16,982,103,101,1228700,12165,22,114812,36,35,859200,24549,14,108442,67,66,369500,5598,8,6370,102,329644,264054,65590,NA,3232,36,212437,174924,37513,NA,5901,66,117207,89130,28077,NA,1776,56,223350,3988,9,14801,95,1082,11250,118,34,595,6146,181,61,487,5104,84,,NA,NA,NA,NA,NA,NA,NA,NA,NA,NA,NA,NA,NA,,NA,NA,NA,NA,NA,NA,NA,NA,NA,NA,NA,NA,NA,NA,NA,NA,NA,NA,,NA,NA,NA,NA,NA,NA,NA,NA,NA,NA,NA,NA,NA,NA,NA,NA,,NA,NA,NA,NA,NA,NA,NA,NA,NA,NA,NA,NA,NA,NA,NA,NA,NA
Norwegian and Danish Evangelical Free Church Association of North America,1-8-2,41,28,13,3781,3212,569,92,115,44,1495,2186,100,3618,33,130,42,40,960500,24013,25,118073,29,27,914000,33852,21,115123,13,13,46500,3577,4,2950,40,222818,167506,52587,2725,5570,27,204813,156092,48721,NA,7586,13,18005,11414,3866,2725,1385,10,53900,5390,5,13450,36,460,3877,108,26,398,3443,132,10,62,434,43,,NA,NA,NA,NA,NA,NA,NA,NA,NA,NA,NA,NA,NA,,NA,NA,NA,NA,NA,NA,NA,NA,NA,NA,NA,NA,NA,NA,NA,NA,NA,NA,,NA,NA,NA,NA,NA,NA,NA,NA,NA,NA,NA,NA,NA,NA,NA,NA,,NA,NA,NA,NA,NA,NA,NA,NA,NA,NA,NA,NA,NA,NA,NA,NA,NA
Schwenkfelders,1-8-3,6,3,3,1596,825,771,266,275,257,677,919,NA,964,NA,632,6,6,183000,30500,NA,NA,3,3,85000,28333,NA,NA,3,3,98000,32667,NA,NA,6,48311,28709,19602,NA,8052,3,19644,17301,2343,NA,6548,3,28667,11408,17259,NA,9556,2,18500,9250,1,5700,6,151,2042,340,3,95,1291,430,3,56,751,250,,NA,NA,NA,NA,NA,NA,NA,NA,NA,NA,NA,NA,NA,,NA,NA,NA,NA,NA,NA,NA,NA,NA,NA,NA,NA,NA,NA,NA,NA,NA,NA,,NA,NA,NA,NA,NA,NA,NA,NA,NA,NA,NA,NA,NA,NA,NA,NA,,NA,NA,NA,NA,NA,NA,NA,NA,NA,NA,NA,NA,NA,NA,NA,NA,NA
Social Brethren,1-8-4,22,1,21,1214,164,1050,55,164,50,431,700,83,1109,17,88,19,19,24500,1289,1,50,1,1,2000,NA,NA,NA,18,18,22500,1250,1,50,16,4019,3519,300,200,251,1,490,490,NA,NA,NA,15,3529,3029,300,200,235,NA,NA,NA,NA,NA,7,42,425,61,1,12,150,NA,6,30,275,46,,NA,NA,NA,NA,NA,NA,NA,NA,NA,NA,NA,NA,NA,,NA,NA,NA,NA,NA,NA,NA,NA,NA,NA,NA,NA,NA,NA,NA,NA,NA,NA,,NA,NA,NA,NA,NA,NA,NA,NA,NA,NA,NA,NA,NA,NA,NA,NA,,NA,NA,NA,NA,NA,NA,NA,NA,NA,NA,NA,NA,NA,NA,NA,NA,NA
National Spiritualist Association,1-8-6,543,517,26,41233,37703,3530,76,73,136,10207,16531,14495,30042,470,10721,87,86,1307356,15202,36,146180,75,74,1118656,15117,35,145700,12,12,18700,15725,1,480,463,475842,344668,74003,57171,1028,444,443025,330376,70901,41748,998,19,32817,14292,3102,15423,1727,5,47550,9510,NA,NA,86,430,5412,63,82,409,4756,58,4,21,656,164,,543,17,17,NA,904,904,NA,53,53,NA,100,176,628,,NA,NA,NA,NA,NA,NA,NA,NA,NA,NA,NA,NA,NA,NA,NA,NA,NA,NA,,9,7655,6114,1541,NA,851,9,7655,6114,1541,851,NA,NA,NA,NA,NA,,NA,NA,NA,NA,NA,1,1,10,NA,1,1,10,NA,NA,NA,NA,NA
Progressive Spiritual Church,1-8-7,9,9,NA,7383,7383,NA,820,820,NA,2996,4387,NA,7383,NA,NA,7,3,32800,10933,NA,NA,7,3,32800,10933,NA,NA,NA,NA,NA,NA,NA,NA,9,28469,25834,2635,NA,3163,9,28469,25834,2635,NA,3163,NA,NA,NA,NA,NA,NA,NA,NA,NA,NA,NA,1,10,46,NA,1,10,46,NA,NA,NA,NA,NA,,9,1,1,NA,500,500,NA,NA,NA,NA,200,300,NA,,1,1,3800,NA,NA,NA,1,1,3800,NA,NA,NA,NA,NA,NA,NA,NA,NA,,1,2125,2000,125,NA,NA,1,2125,2000,125,NA,NA,NA,NA,NA,NA,,NA,NA,NA,NA,NA,NA,NA,NA,NA,NA,NA,NA,NA,NA,NA,NA,NA
National Spiritual Alliance of the United States of America,2-3-7,59,55,4,2015,1772,243,34,32,61,719,1206,90,1779,36,200,5,5,44000,8800,4,23550,4,4,34000,8500,4,23550,1,1,10000,NA,NA,NA,37,27197,24529,2126,542,735,35,25485,23059,2126,300,728,2,1712,1470,NA,242,856,NA,NA,NA,NA,NA,5,10,94,19,5,10,94,19,NA,NA,NA,NA,,59,8,7,1,190,173,17,24,25,NA,64,126,NA,,NA,NA,NA,NA,NA,NA,NA,NA,NA,NA,NA,NA,NA,NA,NA,NA,NA,NA,,2,413,200,213,NA,207,2,413,200,213,207,NA,NA,NA,NA,NA,,NA,NA,NA,NA,NA,1,2,23,NA,1,2,23,NA,NA,NA,NA,NA
Temple Society in America,1-8-8,2,1,1,164,138,26,82,NA,NA,64,100,NA,154,10,NA,2,2,13200,6600,NA,NA,1,1,12000,NA,NA,NA,1,1,1200,NA,NA,NA,2,1940,1742,198,NA,970,1,1708,1640,68,NA,NA,1,232,102,130,NA,NA,1,600,NA,NA,NA,2,20,106,58,1,9,50,NA,1,11,56,NA,,NA,NA,NA,NA,NA,NA,NA,NA,NA,NA,NA,NA,NA,,NA,NA,NA,NA,NA,NA,NA,NA,NA,NA,NA,NA,NA,NA,NA,NA,NA,NA,,NA,NA,NA,NA,NA,NA,NA,NA,NA,NA,NA,NA,NA,NA,NA,NA,,NA,NA,NA,NA,NA,NA,NA,NA,NA,NA,NA,NA,NA,NA,NA,NA,NA
America Theosophical Society,1-9-1,223,215,8,7448,6639,141,30,31,18,2366,4414,668,7448,NA,NA,11,11,121850,11077,10,54901,11,11,121850,11077,10,54901,NA,NA,NA,NA,NA,NA,205,140205,78514,58091,3600,684,198,139167,78466,57101,3600,703,7,1038,48,990,NA,148,NA,NA,NA,NA,NA,NA,NA,NA,NA,NA,NA,NA,NA,NA,NA,NA,NA,,NA,NA,NA,NA,NA,NA,NA,NA,NA,NA,NA,NA,NA,,NA,NA,NA,NA,NA,NA,NA,NA,NA,NA,NA,NA,NA,NA,NA,NA,NA,NA,,NA,NA,NA,NA,NA,NA,NA,NA,NA,NA,NA,NA,NA,NA,NA,NA,,NA,NA,NA,NA,NA,NA,NA,NA,NA,NA,NA,NA,NA,NA,NA,NA,NA
"Theosophical Society of New York, Independent",1-9-0,1,1,NA,55,55,NA,55,55,NA,30,25,NA,55,NA,NA,NA,NA,NA,NA,NA,NA,NA,NA,NA,NA,NA,NA,NA,NA,NA,NA,NA,NA,1,1000,840,160,NA,NA,1,1000,840,160,NA,NA,NA,NA,NA,NA,NA,NA,NA,NA,NA,NA,NA,NA,NA,NA,NA,NA,NA,NA,NA,NA,NA,NA,NA,,NA,NA,NA,NA,NA,NA,NA,NA,NA,NA,NA,NA,NA,,NA,NA,NA,NA,NA,NA,NA,NA,NA,NA,NA,NA,NA,NA,NA,NA,NA,NA,,NA,NA,NA,NA,NA,NA,NA,NA,NA,NA,NA,NA,NA,NA,NA,NA,,NA,NA,NA,NA,NA,NA,NA,NA,NA,NA,NA,NA,NA,NA,NA,NA,NA
Universal Brotherhood and Theosophical Society,1-9-2,NA,NA,NA,NA,NA,NA,NA,NA,NA,NA,NA,NA,NA,NA,NA,NA,NA,NA,NA,NA,NA,NA,NA,NA,NA,NA,NA,NA,NA,NA,NA,NA,NA,NA,NA,NA,NA,NA,NA,NA,NA,NA,NA,NA,NA,NA,NA,NA,NA,NA,NA,NA,NA,NA,NA,NA,NA,NA,NA,NA,NA,NA,NA,NA,NA,NA,NA,NA,,NA,NA,NA,NA,NA,NA,NA,NA,NA,NA,NA,NA,NA,,NA,NA,NA,NA,NA,NA,NA,NA,NA,NA,NA,NA,NA,NA,NA,NA,NA,NA,,NA,NA,NA,NA,NA,NA,NA,NA,NA,NA,NA,NA,NA,NA,NA,NA,,NA,NA,NA,NA,NA,NA,NA,NA,NA,NA,NA,NA,NA,NA,NA,NA,NA
Unitarians,1-9-3,353,296,57,60152,55445,4707,170,187,83,22748,32453,4951,57343,595,2184,388,337,27713554,82236,72,1172920,326,281,26473654,94212,64,1163420,62,56,1239900,22141,8,9500,344,3418975,3120816,255759,42400,9939,290,3276692,2991411,242881,42400,11299,54,142283,129283,12878,NA,2635,143,1485953,10391,23,97990,317,3025,19722,62,271,2716,17829,66,46,309,1893,41,,NA,NA,NA,NA,NA,NA,NA,NA,NA,NA,NA,NA,NA,,NA,NA,NA,NA,NA,NA,NA,NA,NA,NA,NA,NA,NA,NA,NA,NA,NA,NA,,NA,NA,NA,NA,NA,NA,NA,NA,NA,NA,NA,NA,NA,NA,NA,NA,,NA,NA,NA,NA,NA,NA,NA,NA,NA,NA,NA,NA,NA,NA,NA,NA,NA
Church of the United Brethren in Christ,1-9-4,2988,496,2492,377436,155860,221576,126,314,89,151496,212761,13179,314428,31963,31045,2902,2877,28520619,9913,469,4128238,500,490,16430245,33531,250,3304191,2402,2387,12090374,5065,219,824047,2918,6976440,5720499,1228676,27265,2391,495,3835059,3164555,668022,2482,7748,2423,3141381,2555944,560654,24783,1296,1319,4764191,3512,216,440227,2739,38278,376982,138,487,12434,160080,329,2252,25844,216902,96,,NA,NA,NA,NA,NA,NA,NA,NA,NA,NA,NA,NA,NA,,NA,NA,NA,NA,NA,NA,NA,NA,NA,NA,NA,NA,NA,NA,NA,NA,NA,NA,,NA,NA,NA,NA,NA,NA,NA,NA,NA,NA,NA,NA,NA,NA,NA,NA,,NA,NA,NA,NA,NA,NA,NA,NA,NA,NA,NA,NA,NA,NA,NA,NA,NA
Church of the United Brethren in Christ (Old Constituion),1-9-5,372,38,334,17872,2955,14917,48,78,45,6933,10600,339,15334,856,1682,339,338,1022660,3026,27,26335,36,36,233400,6483,14,16035,303,302,789260,2613,13,10300,359,341687,259428,73211,9048,952,36,79208,66769,11739,700,2200,323,262479,192659,61472,8348,813,132,284300,2154,26,20475,344,3725,23214,67,38,494,4242,112,306,3231,18972,62,,NA,NA,NA,NA,NA,NA,NA,NA,NA,NA,NA,NA,NA,,NA,NA,NA,NA,NA,NA,NA,NA,NA,NA,NA,NA,NA,NA,NA,NA,NA,NA,,NA,NA,NA,NA,NA,NA,NA,NA,NA,NA,NA,NA,NA,NA,NA,NA,,NA,NA,NA,NA,NA,NA,NA,NA,NA,NA,NA,NA,NA,NA,NA,NA,NA
United Christian Church,2-1-7,15,3,12,577,120,457,38,40,38,248,329,NA,543,NA,34,9,9,35400,3933,1,1200,2,2,8700,4350,1,1200,7,7,26700,3814,NA,NA,11,2946,2296,250,400,268,2,1025,900,125,NA,513,9,1921,1396,125,400,213,NA,NA,NA,NA,NA,5,70,553,111,1,17,157,NA,4,53,396,99,,NA,NA,NA,NA,NA,NA,NA,NA,NA,NA,NA,NA,NA,,NA,NA,NA,NA,NA,NA,NA,NA,NA,NA,NA,NA,NA,NA,NA,NA,NA,NA,,NA,NA,NA,NA,NA,NA,NA,NA,NA,NA,NA,NA,NA,NA,NA,NA,,NA,NA,NA,NA,NA,NA,NA,NA,NA,NA,NA,NA,NA,NA,NA,NA,NA
Universalist Church,1-9-7,498,244,254,54957,41475,13482,110,170,53,18635,31745,4577,49835,676,4446,498,470,15826940,33674,68,450798,253,231,14265642,61756,57,428896,245,239,1561298,6533,11,21902,470,1616624,1435798,149362,31464,3440,235,1368270,1216958,124750,26562,5822,235,248354,218840,24612,4902,1057,164,1082777,6602,26,71640,350,4045,24738,71,211,2861,18188,86,139,1184,6550,47,,NA,NA,NA,NA,NA,NA,NA,NA,NA,NA,NA,NA,NA,,NA,NA,NA,NA,NA,NA,NA,NA,NA,NA,NA,NA,NA,NA,NA,NA,NA,NA,,NA,NA,NA,NA,NA,NA,NA,NA,NA,NA,NA,NA,NA,NA,NA,NA,,NA,NA,NA,NA,NA,NA,NA,NA,NA,NA,NA,NA,NA,NA,NA,NA,NA
Vedanta Society,1-9-8,3,3,NA,200,200,NA,67,67,NA,75,125,NA,200,NA,NA,2,2,45000,22500,1,15000,2,2,45000,22500,1,15000,NA,NA,NA,NA,NA,NA,3,15686,3000,500,12186,5229,3,15686,3000,500,12186,5229,NA,NA,NA,NA,NA,NA,2,20000,10000,1,7000,NA,NA,NA,NA,NA,NA,NA,NA,NA,NA,NA,NA,,NA,NA,NA,NA,NA,NA,NA,NA,NA,NA,NA,NA,NA,,NA,NA,NA,NA,NA,NA,NA,NA,NA,NA,NA,NA,NA,NA,NA,NA,NA,NA,,NA,NA,NA,NA,NA,NA,NA,NA,NA,NA,NA,NA,NA,NA,NA,NA,,NA,NA,NA,NA,NA,NA,NA,NA,NA,NA,NA,NA,NA,NA,NA,NA,NA
Volunteers of America,1-9-9,133,127,6,28756,26747,2009,216,211,335,21539,7217,NA,26414,2331,11,27,25,573809,22952,16,154476,27,25,573809,22952,16,154476,NA,NA,NA,NA,NA,NA,102,728612,321754,215003,191855,7143,102,728612,321754,215003,191855,7143,NA,NA,NA,NA,NA,NA,NA,NA,NA,NA,NA,80,761,9942,124,77,724,9569,124,3,37,373,124,,NA,NA,NA,NA,NA,NA,NA,NA,NA,NA,NA,NA,NA,,NA,NA,NA,NA,NA,NA,NA,NA,NA,NA,NA,NA,NA,NA,NA,NA,NA,NA,,NA,NA,NA,NA,NA,NA,NA,NA,NA,NA,NA,NA,NA,NA,NA,NA,,NA,NA,NA,NA,NA,NA,NA,NA,NA,NA,NA,NA,NA,NA,NA,NA,NA